report_date,city,total_requests,completed_trips,completion_rate_pct,driver_cancelled_trips,driver_cancel_rate_pct,rider_cancelled_trips,rider_cancel_rate_pct,eta_timeout_trips,gross_booking_value_inr,driver_payouts_inr,platform_net_revenue_inr,avg_revenue_per_trip_inr,avg_surge_multiplier,avg_trip_distance_km,avg_pickup_wait_mins,active_drivers_on_road,active_vehicles_deployed
2026-02-01,Bengaluru,36,22,61.11,5,13.89,9,25.0,0,8640.16,6912.12,1728.04,392.73,1.3,13.04,7.69,20,20
2026-02-01,Delhi-NCR,54,46,85.19,2,3.7,5,9.26,1,23007.1,18405.68,4601.42,500.15,1.47,15.35,7.96,38,38
2026-02-01,Mumbai,34,21,61.76,7,20.59,5,14.71,1,10302.5,8242.01,2060.49,490.6,1.33,14.67,7.83,21,21
2026-02-02,Bengaluru,40,31,77.5,5,12.5,3,7.5,1,14887.82,11910.27,2977.55,480.25,1.12,16.6,7.64,30,30
2026-02-02,Delhi-NCR,54,40,74.07,5,9.26,5,9.26,4,19163.5,15330.8,3832.7,479.09,1.25,14.72,9.09,39,39
2026-02-02,Mumbai,58,46,79.31,9,15.52,2,3.45,1,22578.8,18063.03,4515.77,490.84,1.33,15.44,7.63,42,42
2026-02-03,Bengaluru,62,47,75.81,10,16.13,4,6.45,1,21328.88,17063.11,4265.77,453.81,1.24,15.45,8.4,43,43
2026-02-03,Delhi-NCR,58,41,70.69,6,10.34,7,12.07,4,20573.22,16458.57,4114.65,501.79,1.34,15.32,8.03,35,35
2026-02-03,Mumbai,51,39,76.47,4,7.84,2,3.92,6,17662.3,14129.83,3532.47,452.88,1.39,14.9,9.31,35,35
2026-02-04,Bengaluru,65,46,70.77,8,12.31,8,12.31,3,22905.56,18324.47,4581.09,497.95,1.32,15.68,7.46,42,42
2026-02-04,Delhi-NCR,60,42,70.0,6,10.0,8,13.33,4,20216.84,16173.48,4043.36,481.35,1.34,15.95,7.77,39,39
2026-02-04,Mumbai,54,40,74.07,8,14.81,5,9.26,1,19226.16,15380.93,3845.23,480.65,1.27,15.72,9.1,35,35
2026-02-05,Bengaluru,46,34,73.91,5,10.87,6,13.04,1,16167.56,12934.02,3233.54,475.52,1.27,13.9,8.13,33,33
2026-02-05,Delhi-NCR,61,44,72.13,11,18.03,4,6.56,2,24804.14,19843.32,4960.82,563.73,1.4,15.63,7.78,40,40
2026-02-05,Mumbai,39,29,74.36,5,12.82,4,10.26,1,13105.66,10484.52,2621.14,451.92,1.3,16.07,8.3,27,27
2026-02-06,Bengaluru,57,45,78.95,6,10.53,4,7.02,2,22140.0,17711.99,4428.01,492.0,1.33,15.33,7.49,42,42
2026-02-06,Delhi-NCR,67,51,76.12,8,11.94,8,11.94,0,27874.46,22299.57,5574.89,546.56,1.3,17.61,8.03,48,48
2026-02-06,Mumbai,47,37,78.72,4,8.51,5,10.64,1,19485.68,15588.55,3897.13,526.64,1.32,16.69,7.24,33,33
2026-02-07,Bengaluru,46,33,71.74,6,13.04,5,10.87,2,16949.2,13559.33,3389.87,513.61,1.28,15.66,8.28,32,32
2026-02-07,Delhi-NCR,53,35,66.04,6,11.32,9,16.98,3,16190.74,12952.58,3238.16,462.59,1.29,16.18,8.76,30,30
2026-02-07,Mumbai,40,29,72.5,5,12.5,6,15.0,0,14623.32,11698.65,2924.67,504.25,1.3,17.45,7.92,27,28
2026-02-08,Bengaluru,38,27,71.05,7,18.42,3,7.89,1,14753.66,11802.95,2950.71,546.43,1.47,16.29,8.55,25,25
2026-02-08,Delhi-NCR,72,57,79.17,7,9.72,7,9.72,1,27183.46,21746.77,5436.69,476.9,1.39,14.52,8.22,49,49
2026-02-08,Mumbai,49,32,65.31,9,18.37,7,14.29,1,13928.42,11142.75,2785.67,435.26,1.34,16.91,8.48,31,31
2026-02-09,Bengaluru,48,35,72.92,7,14.58,4,8.33,2,19595.34,15676.25,3919.09,559.87,1.31,16.87,7.16,34,34
2026-02-09,Delhi-NCR,55,37,67.27,10,18.18,7,12.73,1,16376.84,13101.47,3275.37,442.62,1.19,16.29,7.88,34,34
2026-02-09,Mumbai,61,48,78.69,9,14.75,2,3.28,2,23726.68,18981.35,4745.33,494.31,1.25,16.79,7.71,42,42
2026-02-10,Bengaluru,42,27,64.29,8,19.05,5,11.9,2,13866.02,11092.8,2773.22,513.56,1.29,15.83,8.79,26,26
2026-02-10,Delhi-NCR,47,33,70.21,8,17.02,4,8.51,2,17998.52,14398.81,3599.71,545.41,1.36,17.78,7.72,30,30
2026-02-10,Mumbai,40,30,75.0,5,12.5,5,12.5,0,16029.08,12823.25,3205.83,534.3,1.3,16.25,7.78,27,27
2026-02-11,Bengaluru,54,37,68.52,10,18.52,7,12.96,0,18876.18,15100.97,3775.21,510.17,1.34,15.68,6.79,35,35
2026-02-11,Delhi-NCR,47,32,68.09,6,12.77,6,12.77,3,14772.5,11818.01,2954.49,461.64,1.28,15.88,7.77,31,31
2026-02-11,Mumbai,51,39,76.47,4,7.84,7,13.73,1,18132.22,14505.78,3626.44,464.93,1.33,15.38,7.95,36,36
2026-02-12,Bengaluru,50,31,62.0,11,22.0,7,14.0,1,15049.3,12039.43,3009.87,485.46,1.35,16.82,7.61,29,29
2026-02-12,Delhi-NCR,59,48,81.36,8,13.56,2,3.39,1,21526.46,17221.16,4305.3,448.47,1.29,15.24,7.92,46,46
2026-02-12,Mumbai,37,34,91.89,0,0.0,1,2.7,2,16937.28,13549.84,3387.44,498.16,1.33,17.39,8.11,31,31
2026-02-13,Bengaluru,51,38,74.51,2,3.92,8,15.69,3,18461.34,14769.09,3692.25,485.82,1.27,15.91,7.41,34,34
2026-02-13,Delhi-NCR,50,36,72.0,9,18.0,5,10.0,0,15961.5,12769.2,3192.3,443.37,1.32,15.05,7.9,32,32
2026-02-13,Mumbai,42,29,69.05,6,14.29,4,9.52,3,12583.8,10067.04,2516.76,433.92,1.29,15.72,7.78,29,29
2026-02-14,Bengaluru,52,40,76.92,7,13.46,2,3.85,3,19666.34,15733.08,3933.26,491.66,1.19,15.69,8.42,39,39
2026-02-14,Delhi-NCR,55,39,70.91,11,20.0,4,7.27,1,16342.6,13074.08,3268.52,419.04,1.28,16.08,8.36,36,36
2026-02-14,Mumbai,43,28,65.12,9,20.93,3,6.98,3,13014.62,10411.69,2602.93,464.81,1.41,15.53,7.67,28,28
2026-02-15,Bengaluru,58,40,68.97,10,17.24,4,6.9,4,16898.64,13518.93,3379.71,422.47,1.3,14.86,8.23,39,39
2026-02-15,Delhi-NCR,64,41,64.06,10,15.62,11,17.19,2,19059.56,15247.65,3811.91,464.87,1.38,14.55,8.34,35,35
2026-02-15,Mumbai,45,39,86.67,4,8.89,2,4.44,0,22028.9,17623.13,4405.77,564.84,1.38,16.3,7.81,36,36
2026-02-16,Bengaluru,39,26,66.67,6,15.38,6,15.38,1,11984.0,9587.2,2396.8,460.92,1.3,14.7,8.33,23,23
2026-02-16,Delhi-NCR,53,37,69.81,4,7.55,11,20.75,1,16614.06,13291.24,3322.82,449.03,1.28,13.94,7.64,35,35
2026-02-16,Mumbai,34,26,76.47,6,17.65,2,5.88,0,12747.94,10198.36,2549.58,490.31,1.42,15.27,8.73,24,24
2026-02-17,Bengaluru,53,39,73.58,4,7.55,8,15.09,2,18254.54,14603.64,3650.9,468.07,1.31,15.53,7.96,38,38
2026-02-17,Delhi-NCR,51,33,64.71,8,15.69,7,13.73,3,16996.14,13596.91,3399.23,515.03,1.25,16.12,7.69,31,31
2026-02-17,Mumbai,44,28,63.64,7,15.91,6,13.64,3,13718.78,10975.0,2743.78,489.96,1.38,16.65,7.49,26,26
2026-02-18,Bengaluru,46,32,69.57,9,19.57,3,6.52,2,15494.82,12395.85,3098.97,484.21,1.35,16.27,7.51,32,32
2026-02-18,Delhi-NCR,55,38,69.09,6,10.91,7,12.73,4,15784.64,12627.71,3156.93,415.39,1.14,15.32,8.95,34,34
2026-02-18,Mumbai,49,33,67.35,5,10.2,10,20.41,1,17165.98,13732.76,3433.22,520.18,1.38,15.19,6.8,32,32
2026-02-19,Bengaluru,58,46,79.31,7,12.07,5,8.62,0,27540.96,22032.76,5508.2,598.72,1.43,16.7,8.0,41,41
2026-02-19,Delhi-NCR,59,43,72.88,5,8.47,10,16.95,1,21888.58,17510.86,4377.72,509.04,1.36,15.22,8.13,42,42
2026-02-19,Mumbai,44,32,72.73,7,15.91,3,6.82,2,16917.62,13534.1,3383.52,528.68,1.38,18.48,8.24,30,30
2026-02-20,Bengaluru,62,50,80.65,9,14.52,2,3.23,1,25417.86,20334.31,5083.55,508.36,1.31,15.34,8.43,46,46
2026-02-20,Delhi-NCR,63,50,79.37,5,7.94,5,7.94,3,24074.12,19259.29,4814.83,481.48,1.23,17.2,8.32,47,47
2026-02-20,Mumbai,48,34,70.83,8,16.67,5,10.42,1,16865.32,13492.25,3373.07,496.04,1.26,15.34,7.59,33,33
2026-02-21,Bengaluru,50,36,72.0,6,12.0,5,10.0,3,17975.08,14380.05,3595.03,499.31,1.29,15.73,7.51,35,35
2026-02-21,Delhi-NCR,56,43,76.79,10,17.86,2,3.57,1,23060.08,18448.07,4612.01,536.28,1.33,16.23,7.64,36,36
2026-02-21,Mumbai,37,27,72.97,4,10.81,4,10.81,2,14410.52,11528.42,2882.1,533.72,1.28,15.13,8.03,25,25
2026-02-22,Bengaluru,49,36,73.47,6,12.24,7,14.29,0,18841.3,15073.04,3768.26,523.37,1.31,17.18,7.41,35,35
2026-02-22,Delhi-NCR,68,45,66.18,14,20.59,6,8.82,3,19407.54,15526.01,3881.53,431.28,1.38,13.49,7.29,42,42
2026-02-22,Mumbai,40,28,70.0,10,25.0,0,0.0,2,15872.02,12697.62,3174.4,566.86,1.5,16.69,6.54,28,28
2026-02-23,Bengaluru,60,50,83.33,5,8.33,3,5.0,2,20550.36,16440.28,4110.08,411.01,1.34,13.79,8.15,48,48
2026-02-23,Delhi-NCR,66,44,66.67,12,18.18,9,13.64,1,25134.2,20107.36,5026.84,571.23,1.3,17.04,7.8,40,40
2026-02-23,Mumbai,46,38,82.61,3,6.52,4,8.7,1,17212.0,13769.62,3442.38,452.95,1.24,14.74,7.79,37,37
2026-02-24,Bengaluru,50,34,68.0,8,16.0,5,10.0,3,20467.4,16373.92,4093.48,601.98,1.35,17.13,7.63,34,34
2026-02-24,Delhi-NCR,57,43,75.44,9,15.79,5,8.77,0,21381.8,17105.44,4276.36,497.25,1.28,16.23,8.3,41,41
2026-02-24,Mumbai,42,29,69.05,6,14.29,5,11.9,2,13290.24,10632.19,2658.05,458.28,1.2,18.2,8.27,29,29
2026-02-25,Bengaluru,46,35,76.09,6,13.04,3,6.52,2,20800.4,16640.33,4160.07,594.3,1.5,14.92,7.26,33,33
2026-02-25,Delhi-NCR,51,39,76.47,8,15.69,3,5.88,1,19373.12,15498.49,3874.63,496.75,1.29,16.12,7.66,37,37
2026-02-25,Mumbai,29,25,86.21,0,0.0,3,10.34,1,13755.42,11004.33,2751.09,550.22,1.36,16.21,8.57,23,23
2026-02-26,Bengaluru,46,37,80.43,8,17.39,1,2.17,0,19347.04,15477.66,3869.38,522.89,1.38,15.84,7.11,32,32
2026-02-26,Delhi-NCR,70,50,71.43,8,11.43,7,10.0,5,26001.32,20801.1,5200.22,520.03,1.33,16.69,7.69,44,44
2026-02-26,Mumbai,32,25,78.12,5,15.62,1,3.12,1,14095.22,11276.17,2819.05,563.81,1.48,17.3,8.4,22,22
2026-02-27,Bengaluru,51,40,78.43,2,3.92,6,11.76,3,22745.9,18196.71,4549.19,568.65,1.31,17.27,7.55,39,39
2026-02-27,Delhi-NCR,36,27,75.0,3,8.33,6,16.67,0,13305.52,10644.42,2661.1,492.8,1.31,15.02,7.76,25,25
2026-02-27,Mumbai,38,26,68.42,4,10.53,7,18.42,1,11613.4,9290.72,2322.68,446.67,1.24,14.01,8.03,25,25
2026-02-28,Bengaluru,59,43,72.88,7,11.86,8,13.56,1,21472.88,17178.3,4294.58,499.37,1.3,16.27,8.93,40,40
2026-02-28,Delhi-NCR,60,42,70.0,8,13.33,8,13.33,2,17998.94,14399.15,3599.79,428.55,1.3,14.35,8.51,41,41
2026-02-28,Mumbai,47,34,72.34,6,12.77,5,10.64,2,16546.36,13237.11,3309.25,486.66,1.32,15.84,7.64,33,33
2026-03-01,Bengaluru,55,42,76.36,8,14.55,5,9.09,0,25268.22,20214.57,5053.65,601.62,1.41,17.66,7.66,39,39
2026-03-01,Delhi-NCR,51,35,68.63,7,13.73,6,11.76,3,16451.7,13161.38,3290.32,470.05,1.38,15.45,7.49,33,33
2026-03-01,Mumbai,42,33,78.57,6,14.29,3,7.14,0,15047.22,12037.77,3009.45,455.98,1.4,13.72,7.61,31,31
2026-03-02,Bengaluru,47,28,59.57,9,19.15,9,19.15,1,15009.24,12007.39,3001.85,536.04,1.31,19.05,8.74,27,27
2026-03-02,Delhi-NCR,62,45,72.58,8,12.9,8,12.9,1,22143.52,17714.81,4428.71,492.08,1.32,15.53,8.15,44,44
2026-03-02,Mumbai,43,29,67.44,5,11.63,5,11.63,4,14024.24,11219.4,2804.84,483.59,1.29,14.23,8.54,25,25
2026-03-03,Bengaluru,53,37,69.81,7,13.21,7,13.21,2,20071.94,16057.54,4014.4,542.48,1.51,16.51,7.34,34,34
2026-03-03,Delhi-NCR,45,36,80.0,3,6.67,3,6.67,3,18802.14,15041.73,3760.41,522.28,1.3,16.76,8.11,35,35
2026-03-03,Mumbai,36,28,77.78,3,8.33,2,5.56,3,17577.94,14062.36,3515.58,627.78,1.43,17.85,7.48,25,25
2026-03-04,Bengaluru,49,36,73.47,5,10.2,5,10.2,3,15551.2,12440.95,3110.25,431.98,1.25,16.14,8.91,35,35
2026-03-04,Delhi-NCR,67,49,73.13,5,7.46,10,14.93,3,22490.24,17992.19,4498.05,458.98,1.34,14.0,7.95,45,45
2026-03-04,Mumbai,30,19,63.33,7,23.33,3,10.0,1,9747.84,7798.29,1949.55,513.04,1.33,15.02,7.44,19,19
2026-03-05,Bengaluru,38,25,65.79,6,15.79,3,7.89,4,11425.22,9140.19,2285.03,457.01,1.22,16.88,9.08,23,23
2026-03-05,Delhi-NCR,55,40,72.73,8,14.55,6,10.91,1,18455.52,14764.43,3691.09,461.39,1.4,13.68,9.74,35,35
2026-03-05,Mumbai,43,32,74.42,7,16.28,4,9.3,0,16657.96,13326.37,3331.59,520.56,1.27,17.19,7.46,32,32
2026-03-06,Bengaluru,43,28,65.12,8,18.6,4,9.3,3,13859.38,11087.53,2771.85,494.98,1.35,14.7,7.57,27,27
2026-03-06,Delhi-NCR,61,46,75.41,9,14.75,5,8.2,1,23660.28,18928.27,4732.01,514.35,1.27,16.12,7.91,42,42
2026-03-06,Mumbai,38,28,73.68,6,15.79,1,2.63,3,15703.04,12562.42,3140.62,560.82,1.32,17.25,8.16,26,26
2026-03-07,Bengaluru,38,23,60.53,9,23.68,4,10.53,2,9574.14,7659.3,1914.84,416.27,1.16,14.91,8.86,23,23
2026-03-07,Delhi-NCR,65,48,73.85,11,16.92,4,6.15,2,21843.76,17475.02,4368.74,455.08,1.31,14.27,8.05,48,48
2026-03-07,Mumbai,48,40,83.33,7,14.58,0,0.0,1,19464.66,15571.74,3892.92,486.62,1.29,16.67,8.02,39,39
2026-03-08,Bengaluru,58,38,65.52,10,17.24,8,13.79,2,19499.1,15599.27,3899.83,513.13,1.35,17.78,7.74,36,36
2026-03-08,Delhi-NCR,51,40,78.43,4,7.84,6,11.76,1,15882.1,12705.68,3176.42,397.05,1.3,12.93,8.32,39,39
2026-03-08,Mumbai,47,32,68.09,4,8.51,10,21.28,1,14716.58,11773.27,2943.31,459.89,1.3,15.24,7.86,28,28
2026-03-09,Bengaluru,63,46,73.02,9,14.29,6,9.52,2,20984.1,16787.27,4196.83,456.18,1.35,14.48,8.16,42,42
2026-03-09,Delhi-NCR,61,46,75.41,7,11.48,7,11.48,1,21637.02,17309.63,4327.39,470.37,1.3,14.93,8.2,41,41
2026-03-09,Mumbai,45,33,73.33,4,8.89,7,15.56,1,13246.56,10597.25,2649.31,401.41,1.26,14.22,7.92,32,32
2026-03-10,Bengaluru,49,38,77.55,4,8.16,6,12.24,1,17551.46,14041.16,3510.3,461.88,1.24,15.15,8.46,36,36
2026-03-10,Delhi-NCR,68,49,72.06,13,19.12,5,7.35,1,26236.46,20989.18,5247.28,535.44,1.38,16.75,7.55,47,47
2026-03-10,Mumbai,36,24,66.67,7,19.44,4,11.11,1,11066.38,8853.1,2213.28,461.1,1.28,14.44,8.06,22,22
2026-03-11,Bengaluru,46,40,86.96,1,2.17,5,10.87,0,20354.02,16283.19,4070.83,508.85,1.37,15.79,8.08,40,40
2026-03-11,Delhi-NCR,49,30,61.22,11,22.45,6,12.24,2,13180.0,10544.02,2635.98,439.33,1.27,15.35,8.07,30,30
2026-03-11,Mumbai,44,30,68.18,8,18.18,4,9.09,2,17878.88,14303.13,3575.75,595.96,1.3,17.31,8.19,27,27
2026-03-12,Bengaluru,58,40,68.97,11,18.97,6,10.34,1,16714.08,13371.27,3342.81,417.85,1.34,13.12,7.25,38,38
2026-03-12,Delhi-NCR,62,51,82.26,4,6.45,7,11.29,0,25918.1,20734.47,5183.63,508.2,1.33,16.91,8.12,47,47
2026-03-12,Mumbai,49,32,65.31,13,26.53,2,4.08,2,12591.0,10072.79,2518.21,393.47,1.33,13.08,7.32,31,31
2026-03-13,Bengaluru,63,45,71.43,8,12.7,7,11.11,3,22920.22,18336.16,4584.06,509.34,1.27,15.51,6.96,43,43
2026-03-13,Delhi-NCR,50,36,72.0,6,12.0,6,12.0,2,17435.22,13948.18,3487.04,484.31,1.31,16.61,7.05,35,35
2026-03-13,Mumbai,56,42,75.0,8,14.29,4,7.14,2,22179.18,17743.33,4435.85,528.08,1.33,16.44,7.78,39,39
2026-03-14,Bengaluru,46,38,82.61,5,10.87,1,2.17,2,18645.6,14916.47,3729.13,490.67,1.27,15.87,7.96,35,35
2026-03-14,Delhi-NCR,55,41,74.55,4,7.27,8,14.55,2,16267.08,13013.7,3253.38,396.76,1.26,13.78,7.87,34,34
2026-03-14,Mumbai,40,31,77.5,2,5.0,4,10.0,3,14597.9,11678.32,2919.58,470.9,1.35,13.41,8.47,28,28
2026-03-15,Bengaluru,53,47,88.68,3,5.66,3,5.66,0,24293.62,19434.91,4858.71,516.89,1.42,16.59,7.65,45,45
2026-03-15,Delhi-NCR,48,37,77.08,5,10.42,5,10.42,1,15531.76,12425.41,3106.35,419.78,1.3,15.79,8.06,32,32
2026-03-15,Mumbai,44,26,59.09,9,20.45,7,15.91,2,11045.72,8836.56,2209.16,424.84,1.41,15.87,7.95,25,25
2026-03-16,Bengaluru,45,35,77.78,4,8.89,5,11.11,1,15700.12,12560.09,3140.03,448.57,1.27,16.81,6.83,32,32
2026-03-16,Delhi-NCR,50,33,66.0,6,12.0,10,20.0,1,17116.28,13693.04,3423.24,518.68,1.39,15.49,8.77,31,31
2026-03-16,Mumbai,36,26,72.22,7,19.44,3,8.33,0,14242.24,11393.79,2848.45,547.78,1.27,16.54,8.33,26,26
2026-03-17,Bengaluru,37,29,78.38,6,16.22,2,5.41,0,14711.66,11769.31,2942.35,507.3,1.38,14.08,7.97,27,27
2026-03-17,Delhi-NCR,75,50,66.67,10,13.33,11,14.67,4,27002.28,21601.82,5400.46,540.05,1.41,16.98,8.32,43,43
2026-03-17,Mumbai,38,28,73.68,6,15.79,3,7.89,1,13043.02,10434.41,2608.61,465.82,1.17,16.96,7.41,28,28
2026-03-18,Bengaluru,13,11,84.62,1,7.69,1,7.69,0,5206.92,4165.54,1041.38,473.36,1.09,17.15,8.54,11,11
2026-03-18,Delhi-NCR,11,4,36.36,5,45.45,2,18.18,0,1818.4,1454.72,363.68,454.6,1.01,21.4,7.82,4,4
2026-03-18,Mumbai,9,7,77.78,1,11.11,1,11.11,0,2205.94,1764.76,441.18,315.13,1.1,10.4,10.06,7,7
