driver_id,driver_name,city,primary_zone_id,vehicle_id,rating,onboarding_date,shift_type,status,lifetime_trips
DRV_0001,Kavita Das,Bengaluru,Z204,VEH_0001,4.56,2025-10-31,Part_Time_Peak,Active,1327
DRV_0002,Gaurav Das,Mumbai,Z301,VEH_0002,4.37,2025-11-27,Full_Time_Day,Active,2786
DRV_0003,Neha Nair,Delhi-NCR,Z107,VEH_0003,4.59,2026-01-14,Full_Time_Day,Active,1814
DRV_0004,Pradeep Chauhan,Mumbai,Z302,VEH_0004,4.57,2025-12-04,Full_Time_Day,Active,1400
DRV_0005,Anil Patel,Bengaluru,Z202,VEH_0005,4.55,2025-07-10,Part_Time_Peak,Active,2062
DRV_0006,Amit Verma,Delhi-NCR,Z103,VEH_0006,4.36,2025-06-25,Part_Time_Peak,Active,1646
DRV_0007,Rohan Das,Delhi-NCR,Z102,VEH_0007,4.7,2025-10-22,Part_Time_Peak,Active,1470
DRV_0008,Vikram Gupta,Bengaluru,Z205,VEH_0008,4.89,2026-01-27,Full_Time_Night,Active,330
DRV_0009,Rajesh Rao,Bengaluru,Z203,VEH_0009,4.54,2025-10-26,Part_Time_Peak,Active,991
DRV_0010,Rohan Reddy,Mumbai,Z303,VEH_0010,4.45,2025-06-28,Full_Time_Night,Active,2398
DRV_0011,Sachin Verma,Bengaluru,Z202,VEH_0011,4.69,2025-12-24,Full_Time_Night,Inactive,2417
DRV_0012,Ritu Rao,Mumbai,Z305,VEH_0012,4.32,2026-01-24,Part_Time_Peak,Active,1215
DRV_0013,Aarav Kumar,Bengaluru,Z202,VEH_0013,4.78,2025-08-19,Full_Time_Night,Active,1557
DRV_0014,Aarav Kumar,Delhi-NCR,Z105,VEH_0014,4.69,2025-09-11,Full_Time_Day,Inactive,701
DRV_0015,Aarav Verma,Mumbai,Z304,VEH_0015,4.45,2025-09-16,Full_Time_Night,Active,1516
DRV_0016,Suresh Patel,Bengaluru,Z203,VEH_0016,4.79,2025-12-16,Part_Time_Peak,Active,2562
DRV_0017,Amit Shukla,Delhi-NCR,Z102,VEH_0017,4.41,2025-12-11,Part_Time_Peak,Active,323
DRV_0018,Amit Yadav,Mumbai,Z302,VEH_0018,4.75,2025-10-03,Part_Time_Peak,Inactive,1930
DRV_0019,Anil Yadav,Delhi-NCR,Z107,VEH_0019,4.81,2025-06-30,Full_Time_Night,Active,1880
DRV_0020,Vikram Yadav,Mumbai,Z303,VEH_0020,4.66,2025-08-18,Full_Time_Day,Active,1023
DRV_0021,Vijay Rao,Delhi-NCR,Z102,VEH_0021,4.31,2025-08-17,Full_Time_Day,Inactive,682
DRV_0022,Sunil Yadav,Bengaluru,Z204,VEH_0022,4.38,2025-10-06,Part_Time_Peak,Active,1883
DRV_0023,Suresh Kumar,Bengaluru,Z206,VEH_0023,4.66,2025-07-29,Part_Time_Peak,Active,2408
DRV_0024,Sachin Verma,Bengaluru,Z206,VEH_0024,4.89,2025-06-11,Full_Time_Night,Active,196
DRV_0025,Gaurav Shukla,Delhi-NCR,Z103,VEH_0025,4.89,2025-10-26,Full_Time_Night,Active,2468
DRV_0026,Vijay Nair,Mumbai,Z301,VEH_0026,4.5,2025-09-12,Full_Time_Day,Inactive,1450
DRV_0027,Suresh Mishra,Mumbai,Z302,VEH_0027,4.87,2026-01-22,Full_Time_Night,Active,480
DRV_0028,Anil Chauhan,Delhi-NCR,Z104,VEH_0028,4.47,2025-10-29,Full_Time_Night,Active,2266
DRV_0029,Amit Gupta,Bengaluru,Z203,VEH_0029,4.81,2025-07-27,Full_Time_Night,Inactive,808
DRV_0030,Amit Das,Delhi-NCR,Z104,VEH_0030,4.66,2025-07-20,Full_Time_Night,Active,1558
DRV_0031,Rohan Singh,Delhi-NCR,Z104,VEH_0031,4.4,2025-07-21,Full_Time_Day,Active,2587
DRV_0032,Rohan Mishra,Delhi-NCR,Z103,VEH_0032,4.42,2025-12-15,Part_Time_Peak,Inactive,2143
DRV_0033,Gaurav Mishra,Mumbai,Z302,VEH_0033,4.76,2026-01-12,Part_Time_Peak,Inactive,2753
DRV_0034,Ritu Patel,Bengaluru,Z204,VEH_0034,4.4,2025-06-18,Full_Time_Night,Active,1931
DRV_0035,Rajesh Mishra,Bengaluru,Z202,VEH_0035,4.7,2025-08-30,Part_Time_Peak,Active,423
DRV_0036,Rajesh Joshi,Mumbai,Z302,VEH_0036,4.33,2025-09-03,Full_Time_Night,Inactive,434
DRV_0037,Amit Rao,Mumbai,Z304,VEH_0037,4.56,2025-10-27,Part_Time_Peak,Active,288
DRV_0038,Gaurav Shukla,Delhi-NCR,Z107,VEH_0038,4.52,2025-09-30,Part_Time_Peak,Active,737
DRV_0039,Rahul Joshi,Delhi-NCR,Z104,VEH_0039,4.85,2026-01-01,Full_Time_Night,Active,465
DRV_0040,Priya Reddy,Delhi-NCR,Z106,VEH_0040,4.33,2025-11-29,Full_Time_Night,Active,1919
DRV_0041,Priya Das,Delhi-NCR,Z106,VEH_0041,4.55,2026-01-21,Full_Time_Night,Active,1706
DRV_0042,Anil Mishra,Bengaluru,Z204,VEH_0042,4.76,2025-06-14,Part_Time_Peak,Active,2771
DRV_0043,Pradeep Verma,Bengaluru,Z204,VEH_0043,4.36,2025-11-21,Full_Time_Night,Active,1283
DRV_0044,Sunil Nair,Delhi-NCR,Z105,VEH_0044,4.53,2025-10-28,Part_Time_Peak,Active,699
DRV_0045,Sachin Yadav,Bengaluru,Z206,VEH_0045,4.39,2025-11-29,Full_Time_Day,Inactive,1388
DRV_0046,Neha Gupta,Bengaluru,Z204,VEH_0046,4.85,2025-11-19,Part_Time_Peak,Active,2276
DRV_0047,Amit Reddy,Mumbai,Z301,VEH_0047,4.65,2025-06-05,Full_Time_Night,Active,1385
DRV_0048,Suresh Singh,Bengaluru,Z204,VEH_0048,4.94,2025-10-03,Full_Time_Day,Active,1047
DRV_0049,Rohan Kumar,Delhi-NCR,Z103,VEH_0049,4.5,2025-12-19,Full_Time_Day,Active,2199
DRV_0050,Neha Chauhan,Mumbai,Z304,VEH_0050,4.33,2025-08-26,Part_Time_Peak,Active,656
DRV_0051,Ritu Gupta,Delhi-NCR,Z105,VEH_0051,4.41,2025-12-30,Part_Time_Peak,Active,2678
DRV_0052,Suresh Nair,Mumbai,Z302,VEH_0052,4.33,2025-09-02,Part_Time_Peak,Active,1092
DRV_0053,Gaurav Rao,Bengaluru,Z203,VEH_0053,4.81,2025-12-18,Full_Time_Night,Active,1078
DRV_0054,Neha Singh,Bengaluru,Z203,VEH_0054,4.96,2025-12-18,Full_Time_Night,Active,914
DRV_0055,Sachin Reddy,Mumbai,Z302,VEH_0055,4.61,2025-08-12,Full_Time_Night,Active,2179
DRV_0056,Priya Gupta,Delhi-NCR,Z106,VEH_0056,4.86,2025-12-23,Part_Time_Peak,Inactive,686
DRV_0057,Sunil Sharma,Mumbai,Z303,VEH_0057,4.89,2025-10-20,Full_Time_Day,Active,2233
DRV_0058,Vikram Yadav,Delhi-NCR,Z103,VEH_0058,4.82,2025-08-09,Full_Time_Night,Active,2222
DRV_0059,Rohan Chauhan,Mumbai,Z301,VEH_0059,4.36,2026-01-20,Full_Time_Day,Active,1967
DRV_0060,Sachin Shukla,Delhi-NCR,Z101,VEH_0060,4.58,2025-09-10,Part_Time_Peak,Active,1651
DRV_0061,Deepak Gupta,Delhi-NCR,Z103,VEH_0061,4.55,2025-06-08,Full_Time_Night,Active,525
DRV_0062,Pradeep Mishra,Delhi-NCR,Z105,VEH_0062,4.39,2025-08-13,Full_Time_Night,Active,688
DRV_0063,Pooja Joshi,Delhi-NCR,Z101,VEH_0063,4.92,2025-06-05,Full_Time_Night,Active,1003
DRV_0064,Rohan Das,Mumbai,Z304,VEH_0064,4.59,2025-12-16,Full_Time_Night,Active,1093
DRV_0065,Rajesh Verma,Delhi-NCR,Z102,VEH_0065,4.46,2025-11-11,Part_Time_Peak,Active,1992
DRV_0066,Amit Verma,Mumbai,Z303,VEH_0066,4.71,2025-06-05,Part_Time_Peak,Active,2230
DRV_0067,Kavita Singh,Delhi-NCR,Z105,VEH_0067,4.5,2025-06-01,Part_Time_Peak,Active,1565
DRV_0068,Deepak Rao,Mumbai,Z301,VEH_0068,4.43,2025-11-19,Full_Time_Day,Active,2264
DRV_0069,Sachin Verma,Mumbai,Z304,VEH_0069,4.67,2025-12-19,Part_Time_Peak,Active,2389
DRV_0070,Aarav Gupta,Mumbai,Z303,VEH_0070,4.33,2025-09-08,Full_Time_Night,Active,1158
DRV_0071,Aarav Patel,Delhi-NCR,Z103,VEH_0071,4.53,2025-12-05,Part_Time_Peak,Active,2693
DRV_0072,Vikram Mishra,Bengaluru,Z204,VEH_0072,4.39,2025-08-30,Part_Time_Peak,Active,1506
DRV_0073,Suresh Chauhan,Mumbai,Z302,VEH_0073,4.97,2025-10-01,Part_Time_Peak,Active,866
DRV_0074,Rohan Verma,Mumbai,Z302,VEH_0074,4.33,2025-07-22,Full_Time_Day,Active,937
DRV_0075,Rahul Patel,Bengaluru,Z203,VEH_0075,4.65,2025-12-26,Part_Time_Peak,Active,2059
DRV_0076,Sunil Sharma,Delhi-NCR,Z107,VEH_0076,4.49,2026-01-07,Full_Time_Day,Active,1479
DRV_0077,Sunil Verma,Bengaluru,Z205,VEH_0077,4.6,2025-09-11,Part_Time_Peak,Active,1921
DRV_0078,Vijay Patel,Delhi-NCR,Z106,VEH_0078,4.64,2025-10-06,Full_Time_Night,Active,2246
DRV_0079,Sunil Mishra,Delhi-NCR,Z103,VEH_0079,4.79,2025-06-21,Full_Time_Night,Active,2587
DRV_0080,Suresh Das,Bengaluru,Z203,VEH_0080,4.52,2025-06-21,Full_Time_Night,Active,1330
DRV_0081,Rajesh Joshi,Mumbai,Z301,VEH_0081,4.41,2025-09-22,Full_Time_Night,Active,1951
DRV_0082,Rahul Nair,Bengaluru,Z205,VEH_0082,4.72,2025-09-20,Full_Time_Night,Active,2739
DRV_0083,Rahul Verma,Bengaluru,Z206,VEH_0083,4.55,2025-12-23,Part_Time_Peak,Inactive,775
DRV_0084,Aarav Kumar,Mumbai,Z302,VEH_0084,4.32,2025-06-18,Full_Time_Day,Active,2762
DRV_0085,Sachin Patel,Bengaluru,Z206,VEH_0085,4.95,2025-06-09,Part_Time_Peak,Active,748
DRV_0086,Gaurav Patel,Bengaluru,Z205,VEH_0086,4.6,2025-06-20,Part_Time_Peak,Active,683
DRV_0087,Priya Patel,Bengaluru,Z206,VEH_0087,4.51,2025-08-11,Full_Time_Day,Active,584
DRV_0088,Aarav Nair,Delhi-NCR,Z106,VEH_0088,4.64,2025-09-08,Part_Time_Peak,Inactive,602
DRV_0089,Sunil Mishra,Bengaluru,Z202,VEH_0089,4.78,2025-07-25,Part_Time_Peak,Active,1289
DRV_0090,Pooja Singh,Delhi-NCR,Z104,VEH_0090,4.39,2025-06-19,Full_Time_Night,Active,827
DRV_0091,Gaurav Verma,Bengaluru,Z204,VEH_0091,4.75,2025-11-29,Full_Time_Day,Active,2372
DRV_0092,Neha Yadav,Bengaluru,Z203,VEH_0092,4.88,2025-11-30,Part_Time_Peak,Active,2732
DRV_0093,Suresh Mishra,Bengaluru,Z205,VEH_0093,4.65,2025-07-02,Full_Time_Day,Active,688
DRV_0094,Deepak Mishra,Mumbai,Z303,VEH_0094,4.32,2025-10-20,Part_Time_Peak,Active,1631
DRV_0095,Gaurav Mishra,Mumbai,Z305,VEH_0095,4.39,2026-01-13,Full_Time_Day,Inactive,389
DRV_0096,Rajesh Gupta,Mumbai,Z303,VEH_0096,4.66,2025-12-14,Full_Time_Night,Active,2474
DRV_0097,Amit Kumar,Bengaluru,Z204,VEH_0097,4.74,2025-09-24,Full_Time_Night,Active,2239
DRV_0098,Sachin Kumar,Mumbai,Z305,VEH_0098,4.74,2025-07-17,Full_Time_Day,Inactive,1892
DRV_0099,Priya Shukla,Delhi-NCR,Z102,VEH_0099,4.87,2025-10-11,Full_Time_Day,Inactive,1365
DRV_0100,Suresh Kumar,Bengaluru,Z204,VEH_0100,4.94,2025-07-28,Full_Time_Night,Active,2245
DRV_0101,Rajesh Chauhan,Delhi-NCR,Z103,VEH_0101,4.47,2025-11-10,Part_Time_Peak,Active,1244
DRV_0102,Rohan Reddy,Bengaluru,Z203,VEH_0102,4.72,2025-06-24,Part_Time_Peak,Active,2745
DRV_0103,Suresh Rao,Delhi-NCR,Z105,VEH_0103,4.42,2025-11-07,Part_Time_Peak,Active,2598
DRV_0104,Pradeep Chauhan,Delhi-NCR,Z102,VEH_0104,4.86,2025-06-08,Full_Time_Day,Active,306
DRV_0105,Kavita Yadav,Delhi-NCR,Z107,VEH_0105,4.82,2025-09-15,Part_Time_Peak,Active,2737
DRV_0106,Aarav Joshi,Mumbai,Z305,VEH_0106,4.5,2025-08-17,Full_Time_Night,Active,1123
DRV_0107,Vijay Yadav,Mumbai,Z302,VEH_0107,4.35,2025-06-16,Full_Time_Day,Active,1920
DRV_0108,Anil Joshi,Mumbai,Z302,VEH_0108,4.44,2025-11-03,Full_Time_Day,Active,1400
DRV_0109,Pradeep Nair,Bengaluru,Z205,VEH_0109,4.96,2025-07-04,Full_Time_Night,Active,2229
DRV_0110,Neha Verma,Bengaluru,Z204,VEH_0110,4.46,2025-07-02,Full_Time_Night,Active,1961
DRV_0111,Deepak Kumar,Delhi-NCR,Z104,VEH_0111,4.33,2025-09-07,Part_Time_Peak,Active,1832
DRV_0112,Deepak Chauhan,Delhi-NCR,Z106,VEH_0112,4.85,2026-01-26,Part_Time_Peak,Active,1400
DRV_0113,Manoj Mishra,Delhi-NCR,Z106,VEH_0113,4.64,2025-10-10,Full_Time_Night,Active,2162
DRV_0114,Rajesh Joshi,Delhi-NCR,Z101,VEH_0114,4.36,2025-09-09,Part_Time_Peak,Active,1992
DRV_0115,Deepak Singh,Bengaluru,Z205,VEH_0115,4.33,2025-08-12,Full_Time_Night,Active,2567
DRV_0116,Pooja Yadav,Mumbai,Z305,VEH_0116,4.31,2025-06-28,Full_Time_Night,Active,668
DRV_0117,Sunil Nair,Bengaluru,Z205,VEH_0117,4.82,2025-09-02,Full_Time_Day,Active,1760
DRV_0118,Rahul Rao,Mumbai,Z305,VEH_0118,4.43,2025-10-20,Full_Time_Night,Active,421
DRV_0119,Vijay Das,Mumbai,Z302,VEH_0119,4.82,2025-08-11,Part_Time_Peak,Active,2622
DRV_0120,Vikram Kumar,Delhi-NCR,Z104,VEH_0120,4.57,2025-12-21,Full_Time_Night,Active,2404
DRV_0121,Sachin Mishra,Delhi-NCR,Z105,VEH_0121,4.44,2025-10-09,Full_Time_Night,Active,2168
DRV_0122,Rahul Sharma,Delhi-NCR,Z102,VEH_0122,4.39,2025-08-25,Full_Time_Night,Inactive,2247
DRV_0123,Gaurav Kumar,Mumbai,Z304,VEH_0123,4.4,2026-01-25,Part_Time_Peak,Active,1424
DRV_0124,Suresh Gupta,Bengaluru,Z203,VEH_0124,4.7,2025-10-08,Part_Time_Peak,Inactive,2300
DRV_0125,Pooja Nair,Bengaluru,Z203,VEH_0125,4.62,2025-06-05,Full_Time_Night,Active,1476
DRV_0126,Vikram Gupta,Bengaluru,Z203,VEH_0126,4.84,2025-12-03,Part_Time_Peak,Active,2697
DRV_0127,Aarav Rao,Mumbai,Z303,VEH_0127,4.48,2025-11-15,Part_Time_Peak,Active,2485
DRV_0128,Deepak Nair,Delhi-NCR,Z102,VEH_0128,4.7,2025-07-14,Part_Time_Peak,Inactive,2696
DRV_0129,Ritu Mishra,Bengaluru,Z206,VEH_0129,4.4,2025-11-22,Full_Time_Day,Active,249
DRV_0130,Kavita Nair,Delhi-NCR,Z104,VEH_0130,4.43,2025-09-21,Full_Time_Night,Active,1835
DRV_0131,Rohan Gupta,Delhi-NCR,Z107,VEH_0131,4.58,2025-12-16,Part_Time_Peak,Inactive,2051
DRV_0132,Rahul Nair,Delhi-NCR,Z105,VEH_0132,4.65,2025-10-22,Full_Time_Night,Active,2079
DRV_0133,Priya Gupta,Bengaluru,Z204,VEH_0133,4.95,2025-09-26,Part_Time_Peak,Inactive,1522
DRV_0134,Neha Patel,Bengaluru,Z202,VEH_0134,4.71,2025-07-20,Full_Time_Day,Active,1262
DRV_0135,Neha Yadav,Bengaluru,Z201,VEH_0135,4.94,2025-08-16,Full_Time_Night,Active,969
DRV_0136,Pooja Patel,Mumbai,Z303,VEH_0136,4.54,2026-01-26,Part_Time_Peak,Active,1240
DRV_0137,Rajesh Verma,Mumbai,Z305,VEH_0137,4.56,2025-09-10,Full_Time_Night,Active,719
DRV_0138,Rajesh Sharma,Bengaluru,Z203,VEH_0138,4.95,2025-06-21,Full_Time_Night,Active,1931
DRV_0139,Sunil Nair,Mumbai,Z303,VEH_0139,4.45,2025-12-29,Part_Time_Peak,Active,1230
DRV_0140,Neha Nair,Bengaluru,Z202,VEH_0140,4.39,2025-11-05,Part_Time_Peak,Active,2523
DRV_0141,Deepak Singh,Delhi-NCR,Z102,VEH_0141,4.76,2025-10-14,Full_Time_Day,Inactive,2733
DRV_0142,Deepak Sharma,Delhi-NCR,Z104,VEH_0142,4.58,2025-12-01,Full_Time_Night,Active,531
DRV_0143,Rohan Sharma,Mumbai,Z305,VEH_0143,4.96,2025-07-11,Full_Time_Night,Active,2794
DRV_0144,Pooja Joshi,Delhi-NCR,Z107,VEH_0144,4.81,2025-08-13,Full_Time_Night,Active,1289
DRV_0145,Rahul Shukla,Delhi-NCR,Z103,VEH_0145,4.74,2025-07-30,Part_Time_Peak,Active,272
DRV_0146,Suresh Gupta,Delhi-NCR,Z106,VEH_0146,4.94,2025-06-10,Full_Time_Night,Active,2149
DRV_0147,Suresh Shukla,Bengaluru,Z203,VEH_0147,4.9,2025-06-03,Full_Time_Night,Active,2446
DRV_0148,Ritu Verma,Bengaluru,Z204,VEH_0148,4.49,2025-11-12,Part_Time_Peak,Inactive,2267
DRV_0149,Pooja Shukla,Delhi-NCR,Z105,VEH_0149,4.88,2025-09-28,Full_Time_Night,Active,909
DRV_0150,Vikram Patel,Delhi-NCR,Z106,VEH_0150,4.8,2025-11-13,Full_Time_Night,Active,882
DRV_0151,Aarav Nair,Bengaluru,Z204,VEH_0151,4.84,2025-10-24,Part_Time_Peak,Active,911
DRV_0152,Suresh Rao,Bengaluru,Z206,VEH_0152,4.86,2025-10-10,Full_Time_Night,Active,475
DRV_0153,Vijay Reddy,Delhi-NCR,Z104,VEH_0153,4.43,2025-07-06,Full_Time_Night,Active,1445
DRV_0154,Deepak Sharma,Bengaluru,Z202,VEH_0154,4.56,2025-09-23,Full_Time_Night,Active,1470
DRV_0155,Rajesh Rao,Delhi-NCR,Z101,VEH_0155,4.48,2025-09-01,Part_Time_Peak,Active,1087
DRV_0156,Rahul Reddy,Delhi-NCR,Z104,VEH_0156,4.62,2025-07-11,Full_Time_Night,Active,2178
DRV_0157,Rajesh Nair,Delhi-NCR,Z104,VEH_0157,4.73,2026-01-27,Full_Time_Night,Active,1625
DRV_0158,Ritu Singh,Bengaluru,Z201,VEH_0158,4.95,2025-10-01,Full_Time_Day,Inactive,1983
DRV_0159,Ritu Patel,Mumbai,Z301,VEH_0159,4.78,2026-01-20,Full_Time_Night,Inactive,2321
DRV_0160,Manoj Mishra,Bengaluru,Z201,VEH_0160,4.76,2025-10-31,Full_Time_Day,Active,2272
DRV_0161,Gaurav Das,Bengaluru,Z205,VEH_0161,4.35,2025-10-23,Full_Time_Day,Active,372
DRV_0162,Neha Shukla,Mumbai,Z304,VEH_0162,4.44,2025-10-16,Full_Time_Day,Active,793
DRV_0163,Pradeep Chauhan,Mumbai,Z304,VEH_0163,4.6,2025-11-22,Full_Time_Day,Inactive,2508
DRV_0164,Pooja Verma,Mumbai,Z304,VEH_0164,4.6,2025-06-15,Full_Time_Night,Active,660
DRV_0165,Priya Gupta,Mumbai,Z302,VEH_0165,4.68,2025-10-22,Full_Time_Night,Active,1382
DRV_0166,Aarav Gupta,Bengaluru,Z202,VEH_0166,4.86,2025-12-08,Full_Time_Day,Inactive,2488
DRV_0167,Amit Sharma,Mumbai,Z301,VEH_0167,4.53,2025-06-17,Part_Time_Peak,Active,366
DRV_0168,Amit Shukla,Mumbai,Z303,VEH_0168,4.32,2025-09-13,Full_Time_Day,Active,674
DRV_0169,Anil Patel,Bengaluru,Z206,VEH_0169,4.61,2026-01-21,Full_Time_Night,Inactive,1658
DRV_0170,Amit Reddy,Mumbai,Z305,VEH_0170,4.39,2026-01-07,Full_Time_Night,Active,605
DRV_0171,Suresh Das,Bengaluru,Z206,VEH_0171,4.66,2025-12-04,Full_Time_Day,Active,134
DRV_0172,Aarav Yadav,Mumbai,Z302,VEH_0172,4.76,2025-10-18,Full_Time_Night,Active,2298
DRV_0173,Vijay Chauhan,Bengaluru,Z201,VEH_0173,4.47,2025-08-28,Full_Time_Day,Active,1249
DRV_0174,Manoj Shukla,Delhi-NCR,Z104,VEH_0174,4.32,2025-11-17,Full_Time_Night,Active,2638
DRV_0175,Aarav Singh,Delhi-NCR,Z107,VEH_0175,4.35,2025-10-31,Full_Time_Day,Active,1948
DRV_0176,Ritu Reddy,Delhi-NCR,Z102,VEH_0176,4.47,2025-06-12,Full_Time_Night,Active,1917
DRV_0177,Deepak Das,Delhi-NCR,Z107,VEH_0177,4.81,2025-12-16,Full_Time_Day,Active,693
DRV_0178,Priya Yadav,Bengaluru,Z201,VEH_0178,4.85,2025-12-05,Part_Time_Peak,Active,1426
DRV_0179,Kavita Rao,Bengaluru,Z204,VEH_0179,4.46,2026-01-11,Full_Time_Day,Inactive,2255
DRV_0180,Deepak Gupta,Bengaluru,Z203,VEH_0180,4.49,2025-10-21,Part_Time_Peak,Active,837
DRV_0181,Anil Das,Mumbai,Z303,VEH_0181,4.33,2025-08-28,Part_Time_Peak,Active,1681
DRV_0182,Priya Patel,Mumbai,Z301,VEH_0182,4.58,2025-08-16,Full_Time_Night,Inactive,873
DRV_0183,Neha Joshi,Bengaluru,Z201,VEH_0183,4.88,2025-08-16,Part_Time_Peak,Active,711
DRV_0184,Gaurav Shukla,Delhi-NCR,Z102,VEH_0184,4.68,2025-09-15,Part_Time_Peak,Active,2290
DRV_0185,Rohan Gupta,Bengaluru,Z201,VEH_0185,4.47,2025-08-24,Part_Time_Peak,Active,443
DRV_0186,Gaurav Chauhan,Bengaluru,Z205,VEH_0186,4.36,2025-12-03,Full_Time_Day,Active,331
DRV_0187,Sunil Gupta,Delhi-NCR,Z102,VEH_0187,4.89,2025-07-19,Part_Time_Peak,Active,2409
DRV_0188,Manoj Joshi,Delhi-NCR,Z107,VEH_0188,4.89,2025-08-25,Full_Time_Night,Inactive,182
DRV_0189,Manoj Shukla,Delhi-NCR,Z107,VEH_0189,4.95,2025-07-01,Part_Time_Peak,Active,2081
DRV_0190,Deepak Nair,Delhi-NCR,Z107,VEH_0190,4.57,2025-08-01,Part_Time_Peak,Active,1437
DRV_0191,Rajesh Gupta,Mumbai,Z302,VEH_0191,4.66,2025-08-31,Full_Time_Night,Active,1191
DRV_0192,Sachin Das,Mumbai,Z303,VEH_0192,4.62,2025-12-23,Part_Time_Peak,Inactive,2043
DRV_0193,Pradeep Shukla,Delhi-NCR,Z107,VEH_0193,4.55,2025-09-14,Full_Time_Day,Active,2424
DRV_0194,Deepak Nair,Delhi-NCR,Z105,VEH_0194,4.31,2025-10-20,Part_Time_Peak,Active,2492
DRV_0195,Anil Yadav,Delhi-NCR,Z105,VEH_0195,4.43,2025-07-29,Full_Time_Night,Active,2453
DRV_0196,Deepak Joshi,Mumbai,Z305,VEH_0196,4.75,2025-11-23,Full_Time_Night,Active,1174
DRV_0197,Pooja Nair,Mumbai,Z303,VEH_0197,4.61,2025-12-05,Full_Time_Night,Active,813
DRV_0198,Rohan Nair,Mumbai,Z305,VEH_0198,4.63,2026-01-21,Part_Time_Peak,Active,2748
DRV_0199,Rahul Das,Delhi-NCR,Z102,VEH_0199,4.87,2025-06-20,Part_Time_Peak,Active,318
DRV_0200,Aarav Gupta,Delhi-NCR,Z105,VEH_0200,4.87,2025-07-30,Full_Time_Day,Active,738
DRV_0201,Aarav Singh,Mumbai,Z304,VEH_0201,4.61,2025-06-16,Part_Time_Peak,Active,2732
DRV_0202,Ritu Shukla,Mumbai,Z303,VEH_0202,4.75,2025-06-05,Full_Time_Day,Active,2299
DRV_0203,Neha Gupta,Delhi-NCR,Z101,VEH_0203,4.31,2025-12-02,Full_Time_Night,Inactive,2314
DRV_0204,Rajesh Sharma,Mumbai,Z304,VEH_0204,4.85,2025-11-20,Full_Time_Night,Active,854
DRV_0205,Vikram Shukla,Delhi-NCR,Z104,VEH_0205,4.66,2025-08-01,Full_Time_Day,Active,2658
DRV_0206,Priya Yadav,Bengaluru,Z205,VEH_0206,4.48,2025-09-10,Full_Time_Day,Active,1648
DRV_0207,Vijay Joshi,Bengaluru,Z201,VEH_0207,4.97,2025-07-28,Full_Time_Night,Inactive,450
DRV_0208,Rahul Verma,Bengaluru,Z206,VEH_0208,4.56,2025-10-20,Full_Time_Night,Active,349
DRV_0209,Aarav Nair,Delhi-NCR,Z106,VEH_0209,4.36,2026-01-03,Full_Time_Night,Active,2761
DRV_0210,Pradeep Rao,Delhi-NCR,Z104,VEH_0210,4.91,2026-01-22,Full_Time_Day,Active,1061
DRV_0211,Manoj Shukla,Mumbai,Z303,VEH_0211,4.48,2026-01-23,Full_Time_Day,Active,1268
DRV_0212,Neha Rao,Delhi-NCR,Z102,VEH_0212,4.42,2026-01-04,Full_Time_Night,Active,184
DRV_0213,Manoj Rao,Delhi-NCR,Z105,VEH_0213,4.81,2025-11-30,Full_Time_Night,Inactive,435
DRV_0214,Rajesh Kumar,Bengaluru,Z201,VEH_0214,4.69,2026-01-04,Full_Time_Night,Active,2334
DRV_0215,Pradeep Gupta,Delhi-NCR,Z105,VEH_0215,4.84,2025-11-24,Part_Time_Peak,Inactive,441
DRV_0216,Priya Nair,Bengaluru,Z205,VEH_0216,4.34,2025-09-20,Full_Time_Day,Active,431
DRV_0217,Pradeep Rao,Bengaluru,Z206,VEH_0217,4.96,2025-08-23,Full_Time_Day,Inactive,2717
DRV_0218,Sunil Mishra,Mumbai,Z302,VEH_0218,4.63,2025-08-31,Part_Time_Peak,Active,1657
DRV_0219,Anil Kumar,Bengaluru,Z206,VEH_0219,4.36,2025-11-06,Full_Time_Night,Active,1129
DRV_0220,Amit Verma,Bengaluru,Z202,VEH_0220,4.4,2025-11-30,Part_Time_Peak,Inactive,751
DRV_0221,Vijay Patel,Bengaluru,Z205,VEH_0221,4.37,2025-06-02,Full_Time_Night,Active,1941
DRV_0222,Sachin Mishra,Bengaluru,Z202,VEH_0222,4.37,2025-06-23,Full_Time_Day,Active,1885
DRV_0223,Gaurav Das,Mumbai,Z305,VEH_0223,4.65,2025-06-27,Full_Time_Day,Active,487
DRV_0224,Sachin Das,Delhi-NCR,Z103,VEH_0224,4.71,2025-12-18,Full_Time_Night,Active,1697
DRV_0225,Aarav Yadav,Mumbai,Z301,VEH_0225,4.56,2025-06-22,Part_Time_Peak,Active,2411
DRV_0226,Deepak Rao,Mumbai,Z304,VEH_0226,4.42,2025-09-06,Full_Time_Day,Inactive,688
DRV_0227,Sunil Yadav,Bengaluru,Z202,VEH_0227,4.64,2025-06-17,Full_Time_Day,Active,1900
DRV_0228,Sunil Gupta,Bengaluru,Z203,VEH_0228,4.63,2025-06-20,Full_Time_Night,Inactive,1150
DRV_0229,Deepak Nair,Mumbai,Z303,VEH_0229,4.7,2025-07-21,Full_Time_Night,Active,558
DRV_0230,Rohan Yadav,Delhi-NCR,Z101,VEH_0230,4.95,2025-08-25,Part_Time_Peak,Inactive,1676
DRV_0231,Pradeep Joshi,Bengaluru,Z204,VEH_0231,4.59,2025-12-28,Part_Time_Peak,Inactive,2554
DRV_0232,Rohan Yadav,Bengaluru,Z204,VEH_0232,4.71,2025-11-25,Full_Time_Day,Active,2082
DRV_0233,Pradeep Kumar,Bengaluru,Z206,VEH_0233,4.96,2025-08-14,Part_Time_Peak,Active,2712
DRV_0234,Pooja Rao,Bengaluru,Z201,VEH_0234,4.52,2025-08-11,Full_Time_Night,Active,1615
DRV_0235,Vikram Shukla,Delhi-NCR,Z107,VEH_0235,4.7,2025-10-18,Full_Time_Day,Active,2373
DRV_0236,Aarav Nair,Mumbai,Z302,VEH_0236,4.94,2025-07-24,Full_Time_Night,Active,1313
DRV_0237,Amit Chauhan,Mumbai,Z301,VEH_0237,4.76,2025-07-06,Part_Time_Peak,Active,1360
DRV_0238,Deepak Yadav,Delhi-NCR,Z105,VEH_0238,4.79,2025-12-20,Full_Time_Night,Active,422
DRV_0239,Gaurav Rao,Mumbai,Z303,VEH_0239,4.7,2025-10-15,Part_Time_Peak,Active,1833
DRV_0240,Neha Sharma,Bengaluru,Z205,VEH_0240,4.78,2025-12-25,Part_Time_Peak,Inactive,2552
DRV_0241,Amit Verma,Bengaluru,Z201,VEH_0241,4.75,2025-08-30,Full_Time_Day,Active,2770
DRV_0242,Ritu Sharma,Bengaluru,Z206,VEH_0242,4.96,2025-08-24,Full_Time_Night,Active,553
DRV_0243,Aarav Verma,Bengaluru,Z202,VEH_0243,4.45,2025-12-09,Part_Time_Peak,Active,2405
DRV_0244,Kavita Nair,Bengaluru,Z201,VEH_0244,4.6,2025-09-09,Full_Time_Night,Active,2530
DRV_0245,Priya Kumar,Bengaluru,Z205,VEH_0245,4.98,2025-10-02,Full_Time_Day,Active,1330
DRV_0246,Anil Shukla,Delhi-NCR,Z103,VEH_0246,4.38,2026-01-27,Part_Time_Peak,Active,700
DRV_0247,Sachin Yadav,Bengaluru,Z204,VEH_0247,4.61,2025-07-23,Part_Time_Peak,Active,2098
DRV_0248,Sachin Joshi,Delhi-NCR,Z104,VEH_0248,4.6,2025-11-26,Full_Time_Night,Active,1426
DRV_0249,Amit Yadav,Delhi-NCR,Z102,VEH_0249,4.85,2025-06-30,Full_Time_Day,Active,1525
DRV_0250,Vikram Reddy,Delhi-NCR,Z106,VEH_0250,4.93,2025-12-07,Full_Time_Day,Active,2233
DRV_0251,Suresh Das,Delhi-NCR,Z106,VEH_0251,4.53,2025-09-18,Full_Time_Night,Active,1069
DRV_0252,Vijay Reddy,Delhi-NCR,Z106,VEH_0252,4.43,2025-11-16,Full_Time_Night,Active,1740
DRV_0253,Aarav Nair,Delhi-NCR,Z107,VEH_0253,4.61,2025-09-18,Full_Time_Night,Active,138
DRV_0254,Manoj Singh,Bengaluru,Z202,VEH_0254,4.81,2025-12-25,Full_Time_Day,Active,2484
DRV_0255,Vikram Mishra,Mumbai,Z305,VEH_0255,4.43,2025-08-23,Full_Time_Day,Active,1994
DRV_0256,Vikram Yadav,Mumbai,Z303,VEH_0256,4.66,2025-11-11,Full_Time_Night,Inactive,2565
DRV_0257,Vijay Rao,Bengaluru,Z206,VEH_0257,4.7,2025-08-29,Full_Time_Night,Inactive,1995
DRV_0258,Ritu Kumar,Bengaluru,Z203,VEH_0258,4.92,2025-10-30,Full_Time_Day,Active,668
DRV_0259,Pradeep Verma,Bengaluru,Z201,VEH_0259,4.51,2025-07-17,Full_Time_Night,Active,699
DRV_0260,Priya Gupta,Mumbai,Z301,VEH_0260,4.71,2025-10-26,Full_Time_Night,Active,1852
DRV_0261,Suresh Joshi,Mumbai,Z305,VEH_0261,4.77,2025-11-13,Full_Time_Day,Active,2392
DRV_0262,Suresh Joshi,Bengaluru,Z203,VEH_0262,4.4,2025-08-20,Full_Time_Night,Active,2657
DRV_0263,Rahul Chauhan,Bengaluru,Z205,VEH_0263,4.95,2025-10-03,Full_Time_Day,Active,919
DRV_0264,Vijay Das,Mumbai,Z304,VEH_0264,4.74,2025-09-13,Part_Time_Peak,Active,2134
DRV_0265,Anil Nair,Mumbai,Z302,VEH_0265,4.63,2025-06-22,Part_Time_Peak,Active,246
DRV_0266,Deepak Yadav,Delhi-NCR,Z102,VEH_0266,4.49,2025-10-16,Full_Time_Night,Active,808
DRV_0267,Gaurav Rao,Mumbai,Z303,VEH_0267,4.67,2025-06-29,Part_Time_Peak,Active,587
DRV_0268,Sunil Mishra,Mumbai,Z305,VEH_0268,4.86,2025-09-02,Part_Time_Peak,Inactive,290
DRV_0269,Gaurav Das,Delhi-NCR,Z107,VEH_0269,4.97,2025-06-27,Part_Time_Peak,Active,2797
DRV_0270,Deepak Yadav,Delhi-NCR,Z102,VEH_0270,4.61,2025-08-29,Full_Time_Day,Active,1918
DRV_0271,Vikram Mishra,Bengaluru,Z201,VEH_0271,4.44,2025-12-06,Part_Time_Peak,Active,1556
DRV_0272,Ritu Reddy,Mumbai,Z301,VEH_0272,4.41,2025-07-06,Full_Time_Day,Active,967
DRV_0273,Rahul Rao,Bengaluru,Z205,VEH_0273,4.66,2025-10-31,Part_Time_Peak,Active,809
DRV_0274,Pradeep Nair,Bengaluru,Z203,VEH_0274,4.5,2025-08-08,Part_Time_Peak,Active,510
DRV_0275,Rohan Mishra,Mumbai,Z301,VEH_0275,4.92,2025-08-10,Part_Time_Peak,Active,639
DRV_0276,Rohan Singh,Delhi-NCR,Z105,VEH_0276,4.78,2025-12-30,Full_Time_Day,Active,1728
DRV_0277,Pooja Kumar,Bengaluru,Z202,VEH_0277,4.73,2025-09-05,Full_Time_Night,Inactive,429
DRV_0278,Amit Gupta,Mumbai,Z304,VEH_0278,4.81,2025-11-25,Full_Time_Night,Active,1982
DRV_0279,Pooja Patel,Delhi-NCR,Z101,VEH_0279,4.89,2026-01-03,Part_Time_Peak,Inactive,501
DRV_0280,Gaurav Reddy,Bengaluru,Z205,VEH_0280,4.88,2025-12-21,Part_Time_Peak,Inactive,1749
DRV_0281,Manoj Gupta,Delhi-NCR,Z107,VEH_0281,4.64,2025-08-22,Full_Time_Night,Active,1503
DRV_0282,Neha Rao,Delhi-NCR,Z105,VEH_0282,4.68,2025-10-03,Full_Time_Night,Active,318
DRV_0283,Rahul Verma,Mumbai,Z302,VEH_0283,4.31,2026-01-24,Full_Time_Day,Inactive,1927
DRV_0284,Gaurav Sharma,Mumbai,Z301,VEH_0284,4.44,2025-11-24,Full_Time_Day,Active,2782
DRV_0285,Rajesh Kumar,Bengaluru,Z202,VEH_0285,4.36,2025-09-01,Full_Time_Night,Inactive,457
DRV_0286,Sachin Reddy,Delhi-NCR,Z106,VEH_0286,4.34,2025-11-08,Full_Time_Night,Active,1079
DRV_0287,Anil Reddy,Delhi-NCR,Z103,VEH_0287,4.78,2025-06-01,Full_Time_Day,Active,2073
DRV_0288,Amit Kumar,Bengaluru,Z201,VEH_0288,4.65,2025-09-22,Full_Time_Day,Active,153
DRV_0289,Pradeep Chauhan,Delhi-NCR,Z104,VEH_0289,4.97,2025-09-17,Part_Time_Peak,Active,661
DRV_0290,Pooja Verma,Bengaluru,Z201,VEH_0290,4.56,2025-12-05,Full_Time_Day,Active,542
DRV_0291,Pradeep Patel,Bengaluru,Z203,VEH_0291,4.39,2025-12-16,Full_Time_Day,Active,2747
DRV_0292,Rohan Verma,Mumbai,Z304,VEH_0292,4.68,2025-11-04,Part_Time_Peak,Inactive,792
DRV_0293,Gaurav Patel,Delhi-NCR,Z107,VEH_0293,4.73,2025-07-09,Full_Time_Night,Active,2643
DRV_0294,Gaurav Chauhan,Delhi-NCR,Z107,VEH_0294,4.36,2025-06-26,Full_Time_Day,Active,624
DRV_0295,Kavita Nair,Bengaluru,Z206,VEH_0295,4.54,2025-09-18,Full_Time_Night,Active,692
DRV_0296,Deepak Yadav,Delhi-NCR,Z103,VEH_0296,4.47,2025-11-01,Part_Time_Peak,Active,2608
DRV_0297,Rajesh Mishra,Delhi-NCR,Z101,VEH_0297,4.88,2025-11-16,Full_Time_Night,Inactive,961
DRV_0298,Priya Rao,Mumbai,Z304,VEH_0298,4.43,2025-09-09,Full_Time_Night,Active,2766
DRV_0299,Rahul Mishra,Bengaluru,Z201,VEH_0299,4.64,2025-06-29,Full_Time_Day,Active,2166
DRV_0300,Ritu Verma,Mumbai,Z304,VEH_0300,4.9,2025-06-04,Full_Time_Night,Active,1416
DRV_0301,Rohan Gupta,Mumbai,Z301,VEH_0301,4.55,2025-11-22,Full_Time_Day,Active,2049
DRV_0302,Amit Sharma,Delhi-NCR,Z103,VEH_0302,4.31,2025-07-26,Full_Time_Day,Active,367
DRV_0303,Vijay Das,Bengaluru,Z203,VEH_0303,4.73,2025-10-07,Full_Time_Night,Active,1854
DRV_0304,Vijay Verma,Mumbai,Z305,VEH_0304,4.67,2025-07-10,Full_Time_Night,Active,462
DRV_0305,Rajesh Verma,Mumbai,Z304,VEH_0305,4.93,2025-12-24,Full_Time_Day,Active,2317
DRV_0306,Pradeep Gupta,Delhi-NCR,Z103,VEH_0306,4.51,2025-09-20,Part_Time_Peak,Active,1097
DRV_0307,Rahul Singh,Delhi-NCR,Z103,VEH_0307,4.93,2025-06-30,Full_Time_Night,Active,2627
DRV_0308,Ritu Sharma,Bengaluru,Z203,VEH_0308,4.75,2025-11-16,Part_Time_Peak,Active,839
DRV_0309,Vikram Sharma,Delhi-NCR,Z105,VEH_0309,4.78,2025-07-12,Full_Time_Night,Inactive,1540
DRV_0310,Priya Das,Bengaluru,Z202,VEH_0310,4.41,2025-07-03,Part_Time_Peak,Active,1220
DRV_0311,Vikram Mishra,Delhi-NCR,Z101,VEH_0311,4.53,2025-09-18,Full_Time_Night,Active,2265
DRV_0312,Amit Yadav,Delhi-NCR,Z103,VEH_0312,4.64,2025-10-09,Full_Time_Night,Inactive,347
DRV_0313,Pooja Chauhan,Delhi-NCR,Z106,VEH_0313,4.55,2025-08-05,Full_Time_Day,Active,2470
DRV_0314,Vikram Singh,Mumbai,Z304,VEH_0314,4.3,2026-01-06,Full_Time_Day,Active,1121
DRV_0315,Rahul Joshi,Bengaluru,Z205,VEH_0315,4.56,2025-07-09,Full_Time_Day,Inactive,264
DRV_0316,Neha Mishra,Mumbai,Z301,VEH_0316,4.45,2025-08-03,Full_Time_Night,Active,1430
DRV_0317,Sunil Chauhan,Delhi-NCR,Z103,VEH_0317,4.69,2025-07-01,Part_Time_Peak,Active,335
DRV_0318,Suresh Singh,Mumbai,Z304,VEH_0318,4.97,2025-09-11,Full_Time_Day,Active,2025
DRV_0319,Rajesh Mishra,Bengaluru,Z203,VEH_0319,4.52,2025-10-20,Full_Time_Night,Active,152
DRV_0320,Sachin Singh,Bengaluru,Z203,VEH_0320,4.68,2025-08-17,Part_Time_Peak,Active,2670
