vehicle_id,model_name,vehicle_category,powertrain,battery_or_tank_capacity,status,current_odometer_km,acquisition_date
VEH_0001,MG ZS EV,EV_Sedan,Electric,50.3,Active,49493.0,2024-07-30
VEH_0002,Hyundai Aura,Prime_Sedan,Petrol,37.0,Active,49188.3,2023-12-22
VEH_0003,MG ZS EV,EV_Sedan,Electric,50.3,Idle,30315.3,2024-11-17
VEH_0004,MG ZS EV,EV_Sedan,Electric,50.3,Active,18959.7,2024-01-29
VEH_0005,Tata Tigor EV,EV_Sedan,Electric,26.0,Idle,16930.3,2024-01-05
VEH_0006,Ola S1 Pro EV,Bike_Taxi,Electric,4.0,Active,31952.5,2024-07-13
VEH_0007,Tata Tigor EV,EV_Sedan,Electric,26.0,Active,46888.4,2024-06-11
VEH_0008,Bajaj RE E-Tec 9.0,Auto_Rickshaw,Electric,8.9,Active,17918.8,2023-11-08
VEH_0009,Piaggio Ape Auto,Auto_Rickshaw,CNG,30.0,Active,10564.8,2024-10-14
VEH_0010,Piaggio Ape Auto,Auto_Rickshaw,CNG,30.0,Active,41223.6,2023-10-16
VEH_0011,Tata Tigor EV,EV_Sedan,Electric,26.0,Grounded_Maintenance,32565.5,2024-09-30
VEH_0012,Ola S1 Pro EV,Bike_Taxi,Electric,4.0,Active,38122.4,2024-01-16
VEH_0013,Piaggio Ape Auto,Auto_Rickshaw,CNG,30.0,Idle,16537.3,2024-10-28
VEH_0014,Tata Tigor EV,EV_Sedan,Electric,26.0,Grounded_Maintenance,18673.9,2024-07-07
VEH_0015,MG ZS EV,EV_Sedan,Electric,50.3,Active,56989.0,2024-05-22
VEH_0016,Bajaj RE E-Tec 9.0,Auto_Rickshaw,Electric,8.9,Active,43141.1,2024-05-30
VEH_0017,Maruti Suzuki Dzire,Prime_Sedan,CNG,55.0,Active,26316.2,2023-12-25
VEH_0018,Bajaj RE E-Tec 9.0,Auto_Rickshaw,Electric,8.9,Grounded_Maintenance,61199.3,2024-01-06
VEH_0019,MG ZS EV,EV_Sedan,Electric,50.3,Idle,43098.7,2024-03-04
VEH_0020,Hyundai Aura,Prime_Sedan,Petrol,37.0,Active,32735.6,2024-07-17
VEH_0021,Hyundai Aura,Prime_Sedan,Petrol,37.0,Grounded_Maintenance,24457.0,2023-11-05
VEH_0022,Tata Tigor EV,EV_Sedan,Electric,26.0,Active,54308.2,2023-10-17
VEH_0023,Piaggio Ape Auto,Auto_Rickshaw,CNG,30.0,Active,21064.5,2024-08-16
VEH_0024,Piaggio Ape Auto,Auto_Rickshaw,CNG,30.0,Active,44326.3,2024-05-14
VEH_0025,Hero Splendor Plus,Bike_Taxi,Petrol,9.8,Active,20892.8,2024-07-29
VEH_0026,Bajaj RE E-Tec 9.0,Auto_Rickshaw,Electric,8.9,Grounded_Maintenance,40075.2,2024-02-08
VEH_0027,Ola S1 Pro EV,Bike_Taxi,Electric,4.0,Active,18159.2,2024-09-23
VEH_0028,Hero Splendor Plus,Bike_Taxi,Petrol,9.8,Active,50346.9,2024-10-07
VEH_0029,Maruti Suzuki Dzire,Prime_Sedan,CNG,55.0,Grounded_Maintenance,14598.9,2023-12-20
VEH_0030,Ola S1 Pro EV,Bike_Taxi,Electric,4.0,Idle,8811.7,2024-05-21
VEH_0031,Hero Splendor Plus,Bike_Taxi,Petrol,9.8,Idle,20084.8,2024-02-23
VEH_0032,Tata Tigor EV,EV_Sedan,Electric,26.0,Grounded_Maintenance,48243.3,2023-12-19
VEH_0033,Bajaj RE E-Tec 9.0,Auto_Rickshaw,Electric,8.9,Grounded_Maintenance,25410.5,2024-07-05
VEH_0034,Ola S1 Pro EV,Bike_Taxi,Electric,4.0,Active,32223.4,2023-11-29
VEH_0035,Bajaj RE E-Tec 9.0,Auto_Rickshaw,Electric,8.9,Idle,50717.7,2024-03-18
VEH_0036,MG ZS EV,EV_Sedan,Electric,50.3,Grounded_Maintenance,22906.7,2024-01-10
VEH_0037,Hyundai Aura,Prime_Sedan,Petrol,37.0,Active,27434.8,2024-09-11
VEH_0038,Tata Tigor EV,EV_Sedan,Electric,26.0,Idle,24449.4,2024-11-23
VEH_0039,MG ZS EV,EV_Sedan,Electric,50.3,Active,57723.3,2023-10-16
VEH_0040,Bajaj RE E-Tec 9.0,Auto_Rickshaw,Electric,8.9,Active,8475.5,2024-02-16
VEH_0041,MG ZS EV,EV_Sedan,Electric,50.3,Active,48914.5,2023-10-12
VEH_0042,MG ZS EV,EV_Sedan,Electric,50.3,Idle,50950.1,2024-09-28
VEH_0043,Hero Splendor Plus,Bike_Taxi,Petrol,9.8,Idle,14907.6,2024-03-07
VEH_0044,Ola S1 Pro EV,Bike_Taxi,Electric,4.0,Active,60734.8,2023-11-12
VEH_0045,Hyundai Aura,Prime_Sedan,Petrol,37.0,Grounded_Maintenance,23703.0,2023-12-25
VEH_0046,Piaggio Ape Auto,Auto_Rickshaw,CNG,30.0,Active,58976.8,2024-04-15
VEH_0047,MG ZS EV,EV_Sedan,Electric,50.3,Active,18481.8,2024-06-12
VEH_0048,Tata Tigor EV,EV_Sedan,Electric,26.0,Idle,38235.3,2024-02-05
VEH_0049,Hyundai Aura,Prime_Sedan,Petrol,37.0,Active,9259.6,2024-01-14
VEH_0050,Tata Tigor EV,EV_Sedan,Electric,26.0,Active,9044.0,2024-11-16
VEH_0051,Piaggio Ape Auto,Auto_Rickshaw,CNG,30.0,Active,35849.4,2024-07-13
VEH_0052,Hero Splendor Plus,Bike_Taxi,Petrol,9.8,Active,37354.0,2023-11-28
VEH_0053,Hero Splendor Plus,Bike_Taxi,Petrol,9.8,Active,52077.2,2023-10-16
VEH_0054,Ola S1 Pro EV,Bike_Taxi,Electric,4.0,Active,10659.5,2023-12-31
VEH_0055,Ola S1 Pro EV,Bike_Taxi,Electric,4.0,Active,30414.7,2024-04-07
VEH_0056,Tata Tigor EV,EV_Sedan,Electric,26.0,Grounded_Maintenance,44207.3,2024-01-07
VEH_0057,MG ZS EV,EV_Sedan,Electric,50.3,Active,29157.3,2024-06-12
VEH_0058,MG ZS EV,EV_Sedan,Electric,50.3,Active,16495.4,2024-03-03
VEH_0059,Hero Splendor Plus,Bike_Taxi,Petrol,9.8,Active,30312.9,2024-07-13
VEH_0060,Hero Splendor Plus,Bike_Taxi,Petrol,9.8,Active,57469.2,2024-10-25
VEH_0061,Hero Splendor Plus,Bike_Taxi,Petrol,9.8,Idle,10874.5,2024-01-04
VEH_0062,Tata Tigor EV,EV_Sedan,Electric,26.0,Active,60582.0,2024-08-03
VEH_0063,Maruti Suzuki Dzire,Prime_Sedan,CNG,55.0,Active,34138.5,2024-08-15
VEH_0064,Ola S1 Pro EV,Bike_Taxi,Electric,4.0,Active,14878.2,2024-12-01
VEH_0065,Ola S1 Pro EV,Bike_Taxi,Electric,4.0,Active,60591.1,2023-10-28
VEH_0066,Hero Splendor Plus,Bike_Taxi,Petrol,9.8,Active,30380.4,2023-11-24
VEH_0067,Hero Splendor Plus,Bike_Taxi,Petrol,9.8,Active,16393.9,2024-08-13
VEH_0068,Tata Tigor EV,EV_Sedan,Electric,26.0,Idle,49144.2,2024-11-01
VEH_0069,Piaggio Ape Auto,Auto_Rickshaw,CNG,30.0,Active,8008.5,2024-04-02
VEH_0070,Maruti Suzuki Dzire,Prime_Sedan,CNG,55.0,Active,62646.7,2024-10-22
VEH_0071,Maruti Suzuki Dzire,Prime_Sedan,CNG,55.0,Active,40702.1,2023-12-23
VEH_0072,Hyundai Aura,Prime_Sedan,Petrol,37.0,Active,12193.2,2024-02-15
VEH_0073,Hyundai Aura,Prime_Sedan,Petrol,37.0,Idle,40671.1,2024-01-20
VEH_0074,MG ZS EV,EV_Sedan,Electric,50.3,Active,44442.4,2024-02-17
VEH_0075,Piaggio Ape Auto,Auto_Rickshaw,CNG,30.0,Active,17255.6,2023-12-02
VEH_0076,Piaggio Ape Auto,Auto_Rickshaw,CNG,30.0,Active,20936.9,2024-09-26
VEH_0077,Bajaj RE E-Tec 9.0,Auto_Rickshaw,Electric,8.9,Active,23970.6,2023-11-14
VEH_0078,MG ZS EV,EV_Sedan,Electric,50.3,Active,32497.1,2024-02-18
VEH_0079,MG ZS EV,EV_Sedan,Electric,50.3,Active,37258.1,2024-03-18
VEH_0080,Bajaj RE E-Tec 9.0,Auto_Rickshaw,Electric,8.9,Active,60995.6,2024-10-28
VEH_0081,Hyundai Aura,Prime_Sedan,Petrol,37.0,Active,22099.2,2024-04-22
VEH_0082,Bajaj RE E-Tec 9.0,Auto_Rickshaw,Electric,8.9,Idle,64031.2,2023-10-16
VEH_0083,Tata Tigor EV,EV_Sedan,Electric,26.0,Grounded_Maintenance,54026.2,2024-07-02
VEH_0084,MG ZS EV,EV_Sedan,Electric,50.3,Active,20868.0,2024-10-09
VEH_0085,Maruti Suzuki Dzire,Prime_Sedan,CNG,55.0,Active,21905.4,2024-08-17
VEH_0086,Piaggio Ape Auto,Auto_Rickshaw,CNG,30.0,Active,46249.8,2024-07-20
VEH_0087,Hero Splendor Plus,Bike_Taxi,Petrol,9.8,Active,59320.2,2024-11-06
VEH_0088,MG ZS EV,EV_Sedan,Electric,50.3,Grounded_Maintenance,30414.5,2024-07-14
VEH_0089,Tata Tigor EV,EV_Sedan,Electric,26.0,Active,25013.4,2024-09-27
VEH_0090,Bajaj RE E-Tec 9.0,Auto_Rickshaw,Electric,8.9,Active,49473.9,2024-02-24
VEH_0091,Ola S1 Pro EV,Bike_Taxi,Electric,4.0,Idle,5580.2,2024-10-25
VEH_0092,Maruti Suzuki Dzire,Prime_Sedan,CNG,55.0,Idle,7161.7,2024-05-27
VEH_0093,Maruti Suzuki Dzire,Prime_Sedan,CNG,55.0,Active,12646.7,2024-06-28
VEH_0094,Piaggio Ape Auto,Auto_Rickshaw,CNG,30.0,Active,58935.5,2024-08-17
VEH_0095,Hyundai Aura,Prime_Sedan,Petrol,37.0,Grounded_Maintenance,11167.6,2023-10-30
VEH_0096,Ola S1 Pro EV,Bike_Taxi,Electric,4.0,Idle,49968.7,2024-08-03
VEH_0097,Maruti Suzuki Dzire,Prime_Sedan,CNG,55.0,Active,57885.0,2024-11-20
VEH_0098,Maruti Suzuki Dzire,Prime_Sedan,CNG,55.0,Grounded_Maintenance,60469.2,2023-10-29
VEH_0099,Ola S1 Pro EV,Bike_Taxi,Electric,4.0,Grounded_Maintenance,56843.8,2023-10-14
VEH_0100,Hyundai Aura,Prime_Sedan,Petrol,37.0,Active,14551.9,2023-12-09
VEH_0101,MG ZS EV,EV_Sedan,Electric,50.3,Active,57330.0,2024-04-06
VEH_0102,Hyundai Aura,Prime_Sedan,Petrol,37.0,Active,53995.2,2024-04-11
VEH_0103,Piaggio Ape Auto,Auto_Rickshaw,CNG,30.0,Active,54232.2,2024-08-08
VEH_0104,Hyundai Aura,Prime_Sedan,Petrol,37.0,Active,44602.0,2024-05-12
VEH_0105,Piaggio Ape Auto,Auto_Rickshaw,CNG,30.0,Active,56861.2,2023-11-03
VEH_0106,Bajaj RE E-Tec 9.0,Auto_Rickshaw,Electric,8.9,Active,43488.9,2024-05-12
VEH_0107,Piaggio Ape Auto,Auto_Rickshaw,CNG,30.0,Active,11920.5,2024-07-22
VEH_0108,Maruti Suzuki Dzire,Prime_Sedan,CNG,55.0,Idle,62752.1,2024-07-20
VEH_0109,Tata Tigor EV,EV_Sedan,Electric,26.0,Active,40794.3,2024-06-09
VEH_0110,Piaggio Ape Auto,Auto_Rickshaw,CNG,30.0,Active,41372.5,2024-03-16
VEH_0111,MG ZS EV,EV_Sedan,Electric,50.3,Active,58970.3,2024-08-27
VEH_0112,Bajaj RE E-Tec 9.0,Auto_Rickshaw,Electric,8.9,Active,47527.1,2024-12-02
VEH_0113,Hyundai Aura,Prime_Sedan,Petrol,37.0,Active,30877.8,2023-12-28
VEH_0114,Piaggio Ape Auto,Auto_Rickshaw,CNG,30.0,Idle,23834.9,2024-09-30
VEH_0115,Bajaj RE E-Tec 9.0,Auto_Rickshaw,Electric,8.9,Idle,23557.1,2024-05-07
VEH_0116,Piaggio Ape Auto,Auto_Rickshaw,CNG,30.0,Active,46832.5,2024-02-23
VEH_0117,Maruti Suzuki Dzire,Prime_Sedan,CNG,55.0,Active,30226.8,2024-05-22
VEH_0118,Maruti Suzuki Dzire,Prime_Sedan,CNG,55.0,Idle,39146.3,2024-05-09
VEH_0119,Tata Tigor EV,EV_Sedan,Electric,26.0,Active,22214.8,2024-04-26
VEH_0120,Piaggio Ape Auto,Auto_Rickshaw,CNG,30.0,Active,31507.2,2023-12-23
VEH_0121,Hyundai Aura,Prime_Sedan,Petrol,37.0,Idle,33391.2,2023-10-22
VEH_0122,Maruti Suzuki Dzire,Prime_Sedan,CNG,55.0,Grounded_Maintenance,10087.7,2024-03-14
VEH_0123,Piaggio Ape Auto,Auto_Rickshaw,CNG,30.0,Active,54105.4,2023-11-14
VEH_0124,Hyundai Aura,Prime_Sedan,Petrol,37.0,Grounded_Maintenance,23625.2,2023-10-17
VEH_0125,Hyundai Aura,Prime_Sedan,Petrol,37.0,Active,6465.5,2024-07-30
VEH_0126,Hero Splendor Plus,Bike_Taxi,Petrol,9.8,Idle,55984.3,2024-10-26
VEH_0127,Hero Splendor Plus,Bike_Taxi,Petrol,9.8,Active,58168.2,2024-02-12
VEH_0128,Hyundai Aura,Prime_Sedan,Petrol,37.0,Grounded_Maintenance,46781.3,2024-03-24
VEH_0129,Ola S1 Pro EV,Bike_Taxi,Electric,4.0,Active,13854.3,2023-12-16
VEH_0130,Tata Tigor EV,EV_Sedan,Electric,26.0,Active,51705.2,2024-08-12
VEH_0131,Maruti Suzuki Dzire,Prime_Sedan,CNG,55.0,Grounded_Maintenance,36077.5,2024-11-07
VEH_0132,Hyundai Aura,Prime_Sedan,Petrol,37.0,Active,32387.7,2023-10-19
VEH_0133,Hero Splendor Plus,Bike_Taxi,Petrol,9.8,Grounded_Maintenance,36867.9,2024-02-20
VEH_0134,Piaggio Ape Auto,Auto_Rickshaw,CNG,30.0,Active,41759.1,2023-11-30
VEH_0135,Ola S1 Pro EV,Bike_Taxi,Electric,4.0,Idle,31754.8,2024-09-12
VEH_0136,Hero Splendor Plus,Bike_Taxi,Petrol,9.8,Active,20551.5,2024-07-29
VEH_0137,Bajaj RE E-Tec 9.0,Auto_Rickshaw,Electric,8.9,Idle,34075.8,2024-08-02
VEH_0138,Bajaj RE E-Tec 9.0,Auto_Rickshaw,Electric,8.9,Active,9649.0,2024-07-09
VEH_0139,Hyundai Aura,Prime_Sedan,Petrol,37.0,Active,25150.9,2024-03-01
VEH_0140,MG ZS EV,EV_Sedan,Electric,50.3,Active,14049.8,2024-05-20
VEH_0141,Maruti Suzuki Dzire,Prime_Sedan,CNG,55.0,Grounded_Maintenance,17837.2,2024-05-04
VEH_0142,Ola S1 Pro EV,Bike_Taxi,Electric,4.0,Active,37556.7,2024-05-04
VEH_0143,Tata Tigor EV,EV_Sedan,Electric,26.0,Active,54973.5,2024-05-17
VEH_0144,Tata Tigor EV,EV_Sedan,Electric,26.0,Idle,27822.9,2024-11-29
VEH_0145,Piaggio Ape Auto,Auto_Rickshaw,CNG,30.0,Active,50208.5,2024-05-02
VEH_0146,Hyundai Aura,Prime_Sedan,Petrol,37.0,Active,18165.3,2024-04-23
VEH_0147,Hero Splendor Plus,Bike_Taxi,Petrol,9.8,Active,28331.4,2023-12-26
VEH_0148,Ola S1 Pro EV,Bike_Taxi,Electric,4.0,Grounded_Maintenance,14902.7,2024-04-07
VEH_0149,Maruti Suzuki Dzire,Prime_Sedan,CNG,55.0,Idle,37047.4,2024-05-15
VEH_0150,Tata Tigor EV,EV_Sedan,Electric,26.0,Active,43565.0,2024-09-24
VEH_0151,Hero Splendor Plus,Bike_Taxi,Petrol,9.8,Active,8017.1,2024-05-22
VEH_0152,Piaggio Ape Auto,Auto_Rickshaw,CNG,30.0,Active,32282.0,2024-06-13
VEH_0153,Ola S1 Pro EV,Bike_Taxi,Electric,4.0,Active,50120.6,2024-05-01
VEH_0154,Bajaj RE E-Tec 9.0,Auto_Rickshaw,Electric,8.9,Active,33218.4,2023-11-15
VEH_0155,Tata Tigor EV,EV_Sedan,Electric,26.0,Active,18453.3,2024-10-28
VEH_0156,Tata Tigor EV,EV_Sedan,Electric,26.0,Active,61976.7,2024-08-22
VEH_0157,Tata Tigor EV,EV_Sedan,Electric,26.0,Idle,14142.9,2024-09-29
VEH_0158,Hero Splendor Plus,Bike_Taxi,Petrol,9.8,Grounded_Maintenance,11863.4,2024-08-13
VEH_0159,Hero Splendor Plus,Bike_Taxi,Petrol,9.8,Grounded_Maintenance,20374.6,2024-05-28
VEH_0160,Maruti Suzuki Dzire,Prime_Sedan,CNG,55.0,Idle,41434.8,2023-11-16
VEH_0161,MG ZS EV,EV_Sedan,Electric,50.3,Active,62883.2,2024-10-08
VEH_0162,Tata Tigor EV,EV_Sedan,Electric,26.0,Active,39547.8,2024-05-24
VEH_0163,Ola S1 Pro EV,Bike_Taxi,Electric,4.0,Grounded_Maintenance,16899.8,2024-02-03
VEH_0164,Hyundai Aura,Prime_Sedan,Petrol,37.0,Active,46831.6,2024-07-01
VEH_0165,MG ZS EV,EV_Sedan,Electric,50.3,Idle,51958.1,2024-06-08
VEH_0166,Ola S1 Pro EV,Bike_Taxi,Electric,4.0,Grounded_Maintenance,27234.3,2024-03-18
VEH_0167,Piaggio Ape Auto,Auto_Rickshaw,CNG,30.0,Active,55974.5,2024-03-27
VEH_0168,MG ZS EV,EV_Sedan,Electric,50.3,Active,62647.3,2024-01-12
VEH_0169,Hero Splendor Plus,Bike_Taxi,Petrol,9.8,Grounded_Maintenance,14179.5,2024-09-03
VEH_0170,Bajaj RE E-Tec 9.0,Auto_Rickshaw,Electric,8.9,Idle,53492.0,2024-03-02
VEH_0171,Hero Splendor Plus,Bike_Taxi,Petrol,9.8,Active,31134.5,2023-11-24
VEH_0172,Bajaj RE E-Tec 9.0,Auto_Rickshaw,Electric,8.9,Active,56102.8,2024-10-19
VEH_0173,Bajaj RE E-Tec 9.0,Auto_Rickshaw,Electric,8.9,Active,19631.8,2024-04-09
VEH_0174,Ola S1 Pro EV,Bike_Taxi,Electric,4.0,Active,6722.0,2024-06-19
VEH_0175,Maruti Suzuki Dzire,Prime_Sedan,CNG,55.0,Active,17727.2,2023-10-21
VEH_0176,Bajaj RE E-Tec 9.0,Auto_Rickshaw,Electric,8.9,Active,21779.5,2024-02-01
VEH_0177,Bajaj RE E-Tec 9.0,Auto_Rickshaw,Electric,8.9,Idle,5609.1,2024-08-27
VEH_0178,MG ZS EV,EV_Sedan,Electric,50.3,Active,48204.5,2024-03-27
VEH_0179,Hyundai Aura,Prime_Sedan,Petrol,37.0,Grounded_Maintenance,33565.6,2023-12-04
VEH_0180,Hero Splendor Plus,Bike_Taxi,Petrol,9.8,Active,52576.0,2024-10-16
VEH_0181,Bajaj RE E-Tec 9.0,Auto_Rickshaw,Electric,8.9,Active,29264.1,2024-07-31
VEH_0182,Bajaj RE E-Tec 9.0,Auto_Rickshaw,Electric,8.9,Grounded_Maintenance,39893.3,2024-04-04
VEH_0183,Piaggio Ape Auto,Auto_Rickshaw,CNG,30.0,Active,64797.9,2024-02-25
VEH_0184,Piaggio Ape Auto,Auto_Rickshaw,CNG,30.0,Active,47171.3,2024-07-17
VEH_0185,Bajaj RE E-Tec 9.0,Auto_Rickshaw,Electric,8.9,Active,18832.3,2023-11-29
VEH_0186,Hyundai Aura,Prime_Sedan,Petrol,37.0,Active,12173.3,2024-03-03
VEH_0187,Maruti Suzuki Dzire,Prime_Sedan,CNG,55.0,Active,17983.1,2024-03-30
VEH_0188,Bajaj RE E-Tec 9.0,Auto_Rickshaw,Electric,8.9,Grounded_Maintenance,40375.2,2023-11-09
VEH_0189,Bajaj RE E-Tec 9.0,Auto_Rickshaw,Electric,8.9,Active,54957.7,2024-07-04
VEH_0190,Hyundai Aura,Prime_Sedan,Petrol,37.0,Active,15766.5,2024-11-25
VEH_0191,Maruti Suzuki Dzire,Prime_Sedan,CNG,55.0,Active,7730.9,2024-11-05
VEH_0192,Bajaj RE E-Tec 9.0,Auto_Rickshaw,Electric,8.9,Grounded_Maintenance,61645.4,2024-01-11
VEH_0193,Hero Splendor Plus,Bike_Taxi,Petrol,9.8,Active,57363.2,2024-02-13
VEH_0194,Bajaj RE E-Tec 9.0,Auto_Rickshaw,Electric,8.9,Active,33722.9,2024-06-11
VEH_0195,Maruti Suzuki Dzire,Prime_Sedan,CNG,55.0,Active,20148.7,2024-04-02
VEH_0196,MG ZS EV,EV_Sedan,Electric,50.3,Active,29042.4,2024-10-26
VEH_0197,Tata Tigor EV,EV_Sedan,Electric,26.0,Active,13951.9,2024-02-18
VEH_0198,Bajaj RE E-Tec 9.0,Auto_Rickshaw,Electric,8.9,Active,64635.1,2024-10-03
VEH_0199,Ola S1 Pro EV,Bike_Taxi,Electric,4.0,Idle,40767.6,2024-01-21
VEH_0200,Hyundai Aura,Prime_Sedan,Petrol,37.0,Idle,27822.7,2024-04-20
VEH_0201,Bajaj RE E-Tec 9.0,Auto_Rickshaw,Electric,8.9,Idle,64401.9,2024-06-29
VEH_0202,Tata Tigor EV,EV_Sedan,Electric,26.0,Idle,62606.5,2024-10-13
VEH_0203,Hyundai Aura,Prime_Sedan,Petrol,37.0,Grounded_Maintenance,17661.5,2023-12-30
VEH_0204,MG ZS EV,EV_Sedan,Electric,50.3,Active,19391.9,2024-02-24
VEH_0205,MG ZS EV,EV_Sedan,Electric,50.3,Active,5160.5,2024-04-16
VEH_0206,Hero Splendor Plus,Bike_Taxi,Petrol,9.8,Active,6958.4,2024-07-08
VEH_0207,Bajaj RE E-Tec 9.0,Auto_Rickshaw,Electric,8.9,Grounded_Maintenance,56576.4,2024-10-27
VEH_0208,Hyundai Aura,Prime_Sedan,Petrol,37.0,Active,52269.7,2024-01-17
VEH_0209,Hyundai Aura,Prime_Sedan,Petrol,37.0,Active,11886.6,2024-08-09
VEH_0210,Maruti Suzuki Dzire,Prime_Sedan,CNG,55.0,Active,54597.9,2024-10-27
VEH_0211,Tata Tigor EV,EV_Sedan,Electric,26.0,Active,52557.7,2024-02-02
VEH_0212,Bajaj RE E-Tec 9.0,Auto_Rickshaw,Electric,8.9,Active,12461.2,2023-12-16
VEH_0213,Bajaj RE E-Tec 9.0,Auto_Rickshaw,Electric,8.9,Grounded_Maintenance,29150.5,2024-07-16
VEH_0214,Hero Splendor Plus,Bike_Taxi,Petrol,9.8,Active,9826.5,2024-11-12
VEH_0215,Ola S1 Pro EV,Bike_Taxi,Electric,4.0,Grounded_Maintenance,24339.3,2024-07-27
VEH_0216,Tata Tigor EV,EV_Sedan,Electric,26.0,Active,18735.5,2023-12-23
VEH_0217,Tata Tigor EV,EV_Sedan,Electric,26.0,Grounded_Maintenance,54285.3,2024-02-11
VEH_0218,Tata Tigor EV,EV_Sedan,Electric,26.0,Active,33230.0,2024-01-04
VEH_0219,Hero Splendor Plus,Bike_Taxi,Petrol,9.8,Active,15889.3,2024-02-07
VEH_0220,Ola S1 Pro EV,Bike_Taxi,Electric,4.0,Grounded_Maintenance,53854.7,2024-10-17
VEH_0221,Hero Splendor Plus,Bike_Taxi,Petrol,9.8,Active,29500.9,2024-06-21
VEH_0222,MG ZS EV,EV_Sedan,Electric,50.3,Active,24788.2,2023-12-13
VEH_0223,Hero Splendor Plus,Bike_Taxi,Petrol,9.8,Active,44755.0,2024-05-11
VEH_0224,Tata Tigor EV,EV_Sedan,Electric,26.0,Active,10283.6,2024-07-26
VEH_0225,Piaggio Ape Auto,Auto_Rickshaw,CNG,30.0,Active,63211.1,2024-05-10
VEH_0226,Tata Tigor EV,EV_Sedan,Electric,26.0,Grounded_Maintenance,57162.0,2024-04-10
VEH_0227,Ola S1 Pro EV,Bike_Taxi,Electric,4.0,Active,16255.0,2024-05-31
VEH_0228,Hero Splendor Plus,Bike_Taxi,Petrol,9.8,Grounded_Maintenance,31522.5,2024-11-06
VEH_0229,Hyundai Aura,Prime_Sedan,Petrol,37.0,Active,37953.2,2024-07-08
VEH_0230,Hero Splendor Plus,Bike_Taxi,Petrol,9.8,Grounded_Maintenance,34082.7,2024-11-18
VEH_0231,Hyundai Aura,Prime_Sedan,Petrol,37.0,Grounded_Maintenance,14502.7,2024-02-24
VEH_0232,Tata Tigor EV,EV_Sedan,Electric,26.0,Idle,29479.4,2024-08-09
VEH_0233,MG ZS EV,EV_Sedan,Electric,50.3,Active,61823.6,2024-01-06
VEH_0234,Maruti Suzuki Dzire,Prime_Sedan,CNG,55.0,Active,60959.2,2024-07-06
VEH_0235,Bajaj RE E-Tec 9.0,Auto_Rickshaw,Electric,8.9,Active,55083.4,2024-04-05
VEH_0236,Hyundai Aura,Prime_Sedan,Petrol,37.0,Active,38075.9,2024-05-20
VEH_0237,Hyundai Aura,Prime_Sedan,Petrol,37.0,Idle,35494.5,2024-09-24
VEH_0238,MG ZS EV,EV_Sedan,Electric,50.3,Active,51360.5,2024-05-04
VEH_0239,Piaggio Ape Auto,Auto_Rickshaw,CNG,30.0,Idle,21030.4,2024-12-01
VEH_0240,Bajaj RE E-Tec 9.0,Auto_Rickshaw,Electric,8.9,Grounded_Maintenance,22913.4,2024-02-06
VEH_0241,Hero Splendor Plus,Bike_Taxi,Petrol,9.8,Active,31792.8,2024-03-30
VEH_0242,Piaggio Ape Auto,Auto_Rickshaw,CNG,30.0,Active,38115.0,2024-02-28
VEH_0243,Ola S1 Pro EV,Bike_Taxi,Electric,4.0,Active,60971.1,2024-08-28
VEH_0244,Hyundai Aura,Prime_Sedan,Petrol,37.0,Idle,27978.3,2023-11-01
VEH_0245,Ola S1 Pro EV,Bike_Taxi,Electric,4.0,Active,24090.6,2024-04-04
VEH_0246,Ola S1 Pro EV,Bike_Taxi,Electric,4.0,Active,64304.8,2023-10-24
VEH_0247,Maruti Suzuki Dzire,Prime_Sedan,CNG,55.0,Active,62889.5,2024-09-29
VEH_0248,Piaggio Ape Auto,Auto_Rickshaw,CNG,30.0,Active,57451.4,2024-04-21
VEH_0249,MG ZS EV,EV_Sedan,Electric,50.3,Idle,59626.5,2024-11-25
VEH_0250,Maruti Suzuki Dzire,Prime_Sedan,CNG,55.0,Active,57256.0,2024-09-14
VEH_0251,MG ZS EV,EV_Sedan,Electric,50.3,Active,51891.5,2024-07-20
VEH_0252,Piaggio Ape Auto,Auto_Rickshaw,CNG,30.0,Idle,46562.3,2024-01-05
VEH_0253,MG ZS EV,EV_Sedan,Electric,50.3,Active,56140.5,2024-03-04
VEH_0254,Ola S1 Pro EV,Bike_Taxi,Electric,4.0,Active,42608.0,2023-11-10
VEH_0255,Hero Splendor Plus,Bike_Taxi,Petrol,9.8,Idle,7153.9,2024-10-28
VEH_0256,Hyundai Aura,Prime_Sedan,Petrol,37.0,Grounded_Maintenance,46064.0,2024-07-08
VEH_0257,Hyundai Aura,Prime_Sedan,Petrol,37.0,Grounded_Maintenance,10422.8,2024-10-13
VEH_0258,MG ZS EV,EV_Sedan,Electric,50.3,Active,14981.9,2024-07-02
VEH_0259,Tata Tigor EV,EV_Sedan,Electric,26.0,Active,24462.5,2024-11-04
VEH_0260,Bajaj RE E-Tec 9.0,Auto_Rickshaw,Electric,8.9,Active,27490.5,2024-09-19
VEH_0261,Hyundai Aura,Prime_Sedan,Petrol,37.0,Idle,29723.1,2023-12-19
VEH_0262,Maruti Suzuki Dzire,Prime_Sedan,CNG,55.0,Active,15504.2,2024-01-25
VEH_0263,Ola S1 Pro EV,Bike_Taxi,Electric,4.0,Idle,45988.1,2024-03-23
VEH_0264,Maruti Suzuki Dzire,Prime_Sedan,CNG,55.0,Active,32669.0,2024-07-25
VEH_0265,Hero Splendor Plus,Bike_Taxi,Petrol,9.8,Active,45010.4,2023-10-18
VEH_0266,Hero Splendor Plus,Bike_Taxi,Petrol,9.8,Active,45656.7,2024-09-13
VEH_0267,MG ZS EV,EV_Sedan,Electric,50.3,Active,61714.1,2024-02-06
VEH_0268,Bajaj RE E-Tec 9.0,Auto_Rickshaw,Electric,8.9,Grounded_Maintenance,62721.7,2023-12-15
VEH_0269,Bajaj RE E-Tec 9.0,Auto_Rickshaw,Electric,8.9,Active,55718.2,2024-08-23
VEH_0270,Ola S1 Pro EV,Bike_Taxi,Electric,4.0,Active,11399.2,2024-05-21
VEH_0271,Piaggio Ape Auto,Auto_Rickshaw,CNG,30.0,Idle,22752.3,2023-12-10
VEH_0272,Bajaj RE E-Tec 9.0,Auto_Rickshaw,Electric,8.9,Active,63676.7,2023-12-31
VEH_0273,Ola S1 Pro EV,Bike_Taxi,Electric,4.0,Active,5485.9,2023-12-17
VEH_0274,Tata Tigor EV,EV_Sedan,Electric,26.0,Idle,49710.3,2024-07-09
VEH_0275,Hyundai Aura,Prime_Sedan,Petrol,37.0,Idle,53115.9,2024-08-12
VEH_0276,Hyundai Aura,Prime_Sedan,Petrol,37.0,Idle,20037.6,2023-11-12
VEH_0277,Maruti Suzuki Dzire,Prime_Sedan,CNG,55.0,Grounded_Maintenance,10829.8,2024-01-16
VEH_0278,Tata Tigor EV,EV_Sedan,Electric,26.0,Active,52316.6,2024-11-15
VEH_0279,Piaggio Ape Auto,Auto_Rickshaw,CNG,30.0,Grounded_Maintenance,12884.7,2024-07-04
VEH_0280,Piaggio Ape Auto,Auto_Rickshaw,CNG,30.0,Grounded_Maintenance,29930.2,2024-08-22
VEH_0281,Maruti Suzuki Dzire,Prime_Sedan,CNG,55.0,Idle,57587.6,2024-05-29
VEH_0282,Bajaj RE E-Tec 9.0,Auto_Rickshaw,Electric,8.9,Active,20418.2,2024-03-31
VEH_0283,Bajaj RE E-Tec 9.0,Auto_Rickshaw,Electric,8.9,Grounded_Maintenance,57223.8,2023-10-18
VEH_0284,MG ZS EV,EV_Sedan,Electric,50.3,Active,62773.6,2024-09-21
VEH_0285,Hyundai Aura,Prime_Sedan,Petrol,37.0,Grounded_Maintenance,48453.0,2024-05-13
VEH_0286,Piaggio Ape Auto,Auto_Rickshaw,CNG,30.0,Active,52440.9,2024-11-25
VEH_0287,Bajaj RE E-Tec 9.0,Auto_Rickshaw,Electric,8.9,Idle,12415.3,2024-05-28
VEH_0288,Bajaj RE E-Tec 9.0,Auto_Rickshaw,Electric,8.9,Idle,27861.5,2024-01-11
VEH_0289,Piaggio Ape Auto,Auto_Rickshaw,CNG,30.0,Active,45490.2,2024-04-05
VEH_0290,Tata Tigor EV,EV_Sedan,Electric,26.0,Idle,58054.1,2024-02-19
VEH_0291,Piaggio Ape Auto,Auto_Rickshaw,CNG,30.0,Idle,18282.0,2024-10-31
VEH_0292,Hero Splendor Plus,Bike_Taxi,Petrol,9.8,Grounded_Maintenance,23131.4,2024-05-07
VEH_0293,MG ZS EV,EV_Sedan,Electric,50.3,Active,7720.8,2024-11-13
VEH_0294,Bajaj RE E-Tec 9.0,Auto_Rickshaw,Electric,8.9,Active,11967.2,2024-08-04
VEH_0295,Maruti Suzuki Dzire,Prime_Sedan,CNG,55.0,Active,32218.6,2023-12-25
VEH_0296,Ola S1 Pro EV,Bike_Taxi,Electric,4.0,Idle,49536.1,2024-09-14
VEH_0297,Ola S1 Pro EV,Bike_Taxi,Electric,4.0,Grounded_Maintenance,10941.3,2024-03-27
VEH_0298,Ola S1 Pro EV,Bike_Taxi,Electric,4.0,Active,6963.0,2024-05-27
VEH_0299,Hyundai Aura,Prime_Sedan,Petrol,37.0,Active,31681.8,2024-08-04
VEH_0300,Piaggio Ape Auto,Auto_Rickshaw,CNG,30.0,Active,63855.7,2024-05-28
VEH_0301,Piaggio Ape Auto,Auto_Rickshaw,CNG,30.0,Active,28888.4,2024-08-27
VEH_0302,MG ZS EV,EV_Sedan,Electric,50.3,Active,10500.4,2024-08-16
VEH_0303,Tata Tigor EV,EV_Sedan,Electric,26.0,Active,52207.7,2024-07-31
VEH_0304,Maruti Suzuki Dzire,Prime_Sedan,CNG,55.0,Idle,17312.3,2023-11-07
VEH_0305,Hyundai Aura,Prime_Sedan,Petrol,37.0,Idle,17957.1,2024-08-05
VEH_0306,Piaggio Ape Auto,Auto_Rickshaw,CNG,30.0,Active,52318.6,2024-02-01
VEH_0307,Tata Tigor EV,EV_Sedan,Electric,26.0,Active,56504.4,2024-09-19
VEH_0308,Maruti Suzuki Dzire,Prime_Sedan,CNG,55.0,Idle,20039.3,2024-09-04
VEH_0309,MG ZS EV,EV_Sedan,Electric,50.3,Grounded_Maintenance,56986.9,2024-09-26
VEH_0310,Tata Tigor EV,EV_Sedan,Electric,26.0,Active,52399.1,2024-08-03
VEH_0311,Piaggio Ape Auto,Auto_Rickshaw,CNG,30.0,Active,15454.8,2024-11-06
VEH_0312,Maruti Suzuki Dzire,Prime_Sedan,CNG,55.0,Grounded_Maintenance,30257.6,2024-10-05
VEH_0313,MG ZS EV,EV_Sedan,Electric,50.3,Active,31896.5,2024-05-31
VEH_0314,MG ZS EV,EV_Sedan,Electric,50.3,Active,35230.3,2024-01-23
VEH_0315,Tata Tigor EV,EV_Sedan,Electric,26.0,Grounded_Maintenance,51993.6,2023-12-31
VEH_0316,Bajaj RE E-Tec 9.0,Auto_Rickshaw,Electric,8.9,Active,43600.4,2024-11-17
VEH_0317,Tata Tigor EV,EV_Sedan,Electric,26.0,Active,55837.9,2024-04-28
VEH_0318,MG ZS EV,EV_Sedan,Electric,50.3,Active,47744.1,2024-04-19
VEH_0319,MG ZS EV,EV_Sedan,Electric,50.3,Active,24326.7,2024-09-18
VEH_0320,MG ZS EV,EV_Sedan,Electric,50.3,Active,21501.0,2024-01-13
